policy,cols,rows,quiet,active,samples,warmup,elapsed_ns,p50_ns,p95_ns,p99_ns,hits,copied_bytes,visited_cells,cache_bytes,allocations,allocated_bytes,mean_ns,round,directory
cells,80,20,100,1,4141,303,148927158,35708,38500,41625,0,0,13251200,0,0,0,35964.05650808983,0,r0-80x20-q100-a1-cells
always,80,20,100,1,4141,303,33504740,7833,8500,19042,8241,2114944000,65600,1024000,0,0,8090.978024631731,0,r0-80x20-q100-a1-always
retained,80,20,100,1,4141,303,20149269,4667,4792,9959,8241,1060096000,65600,512000,0,0,4865.797874909442,0,r0-80x20-q100-a1-retained
cells,40,10,5,2,4098,258,34815571,8459,8708,9917,0,0,3278400,0,0,0,8495.746949731576,0,r0-40x10-q5-a2-cells
always,40,10,5,2,4098,258,14933093,2458,9458,10125,6830,480832000,546400,256000,0,0,3643.995363591996,0,r0-40x10-q5-a2-always
retained,40,10,5,2,4098,258,9426228,875,9417,9583,6830,262272000,546400,128000,0,0,2300.2020497803805,0,r0-40x10-q5-a2-retained
cells,40,10,2,2,4098,258,34424400,8375,8584,9834,0,0,3278400,0,0,0,8400.292825768667,0,r0-40x10-q2-a2-cells
always,40,10,2,2,4098,258,19742661,2875,9375,10083,5464,437120000,1092800,256000,0,0,4817.633235724744,0,r0-40x10-q2-a2-always
retained,40,10,2,2,4098,258,15726764,1166,9500,9958,5464,262272000,1092800,128000,0,0,3837.66813079551,0,r0-40x10-q2-a2-retained
cells,40,10,100,2,4141,303,34327724,8250,8500,9792,0,0,3312800,0,0,0,8289.718425501087,0,r0-40x10-q100-a2-cells
always,40,10,100,2,4141,303,8686993,2000,2334,7083,8200,527424000,32800,256000,0,0,2097.800772760203,0,r0-40x10-q100-a2-always
retained,40,10,100,2,4141,303,3238670,667,875,8916,8200,265024000,32800,128000,0,0,782.0985269258633,0,r0-40x10-q100-a2-retained
cells,160,40,2,2,4098,258,590094315,143583,151292,160584,0,0,52454400,0,0,0,143995.68448023425,0,r0-160x40-q2-a2-cells
always,160,40,2,2,4098,258,456429422,37125,165875,600792,5464,6993920000,17484800,4096000,0,0,111378.5802830649,0,r0-160x40-q2-a2-always
retained,160,40,2,2,4098,258,271609775,18459,164875,171083,5464,4196352000,17484800,2048000,0,0,66278.61761835041,0,r0-160x40-q2-a2-retained
cells,80,20,0,1,4096,256,146159490,35500,37500,40542,0,0,13107200,0,0,0,35683.46923828125,0,r0-80x20-q0-a1-cells
always,80,20,0,1,4096,256,97425449,23542,24959,27417,4096,1572864000,6553600,1024000,0,0,23785.510009765625,0,r0-80x20-q0-a1-always
retained,80,20,0,1,4096,256,90217795,21875,23000,26125,4096,1048576000,6553600,512000,0,0,22025.828857421875,0,r0-80x20-q0-a1-retained
cells,160,40,20,2,4116,273,586155964,142500,148875,154541,0,0,52684800,0,0,0,142409.1263362488,0,r0-160x40-q20-a2-cells
always,160,40,20,2,4116,273,176797543,36541,44375,162834,7840,8228864000,2508800,4096000,0,0,42953.72764820214,0,r0-160x40-q20-a2-always
retained,160,40,20,2,4116,273,106049879,18291,25667,167708,7840,4214784000,2508800,2048000,0,0,25765.276724975705,0,r0-160x40-q20-a2-retained
cells,160,40,0,1,4096,256,587201248,142708,150792,158500,0,0,52428800,0,0,0,143359.6796875,0,r0-160x40-q0-a1-cells
always,160,40,0,1,4096,256,398907932,96500,102416,107250,4096,6291456000,26214400,4096000,0,0,97389.6318359375,0,r0-160x40-q0-a1-always
retained,160,40,0,1,4096,256,369460394,89125,95917,100375,4096,4194304000,26214400,2048000,0,0,90200.29150390625,0,r0-160x40-q0-a1-retained
cells,40,10,20,2,4116,273,35037972,8458,8709,10042,0,0,3292800,0,0,0,8512.626822157434,0,r0-40x10-q20-a2-cells
always,40,10,20,2,4116,273,10207950,2042,3042,9500,7840,514304000,156800,256000,0,0,2480.0655976676385,0,r0-40x10-q20-a2-always
retained,40,10,20,2,4116,273,4857581,750,1625,9334,7840,263424000,156800,128000,0,0,1180.1703109815355,0,r0-40x10-q20-a2-retained
cells,80,20,5,1,4098,258,145406587,35375,37417,40833,0,0,13113600,0,0,0,35482.32967301123,0,r0-80x20-q5-a1-cells
always,80,20,5,1,4098,258,43074854,7875,23292,24375,7513,2010752000,1092800,1024000,0,0,10511.189360663739,0,r0-80x20-q5-a1-always
retained,80,20,5,1,4098,258,30874144,4708,21625,22000,7513,1049088000,1092800,512000,0,0,7533.954123962909,0,r0-80x20-q5-a1-retained
cells,160,40,0,2,4096,256,585069314,142792,149250,156958,0,0,52428800,0,0,0,142839.18798828125,0,r0-160x40-q0-a2-cells
always,160,40,0,2,4096,256,658421434,160083,168458,176250,0,4194304000,52428800,4096000,0,0,160747.42041015625,0,r0-160x40-q0-a2-always
retained,160,40,0,2,4096,256,661430578,160209,168541,177333,0,4194304000,52428800,2048000,0,0,161482.07470703125,0,r0-160x40-q0-a2-retained
cells,160,40,5,1,4098,258,594031929,143875,151750,163000,0,0,52454400,0,0,0,144956.546852123,0,r0-160x40-q5-a1-cells
always,160,40,5,1,4098,258,193614572,36541,98917,103709,7513,8043008000,4371200,4096000,0,0,47246.11322596388,0,r0-160x40-q5-a1-always
retained,160,40,5,1,4098,258,123943446,18250,89166,93541,7513,4196352000,4371200,2048000,0,0,30244.862371888725,0,r0-160x40-q5-a1-retained
cells,80,20,1,2,4096,256,144568980,34958,37459,40666,0,0,13107200,0,0,0,35295.1611328125,0,r0-80x20-q1-a2-cells
always,80,20,1,2,4096,256,97750723,37792,40333,43791,4096,1572864000,6553600,1024000,0,0,23864.922607421875,0,r0-80x20-q1-a2-always
retained,80,20,1,2,4096,256,95451316,38209,41000,43583,4096,1048576000,6553600,512000,0,0,23303.5439453125,0,r0-80x20-q1-a2-retained
cells,40,10,100,1,4141,303,35876230,8666,8917,9417,0,0,3312800,0,0,0,8663.663366336634,0,r0-40x10-q100-a1-cells
always,40,10,100,1,4141,303,8930501,2083,2416,6041,8241,528736000,16400,256000,0,0,2156.6049263462933,0,r0-40x10-q100-a1-always
retained,40,10,100,1,4141,303,3209983,709,875,3333,8241,265024000,16400,128000,0,0,775.1709731948805,0,r0-40x10-q100-a1-retained
cells,40,10,20,1,4116,273,36170047,8709,9000,10834,0,0,3292800,0,0,0,8787.669339164237,0,r0-40x10-q20-a1-cells
always,40,10,20,1,4116,273,9640840,2083,2792,6125,8036,520576000,78400,256000,0,0,2342.2837706511177,0,r0-40x10-q20-a1-always
retained,40,10,20,1,4116,273,4018928,750,2833,5375,8036,263424000,78400,128000,0,0,976.4159378036929,0,r0-40x10-q20-a1-retained
cells,40,10,1,2,4096,256,35719475,8666,8959,10875,0,0,3276800,0,0,0,8720.574951171875,0,r0-40x10-q1-a2-cells
always,40,10,1,2,4096,256,24209720,9125,9667,9792,4096,393216000,1638400,256000,0,0,5910.576171875,0,r0-40x10-q1-a2-always
retained,40,10,1,2,4096,256,22127735,9125,9750,9958,4096,262144000,1638400,128000,0,0,5402.279052734375,0,r0-40x10-q1-a2-retained
cells,160,40,5,2,4098,258,589600441,143084,151375,158292,0,0,52454400,0,0,0,143875.16861883845,0,r0-160x40-q5-a2-cells
always,160,40,5,2,4098,258,235593362,36500,160209,166500,6830,7693312000,8742400,4096000,0,0,57489.839433870184,0,r0-160x40-q5-a2-always
retained,160,40,5,2,4098,258,173428649,18250,161750,167750,6830,4196352000,8742400,2048000,0,0,42320.314543679844,0,r0-160x40-q5-a2-retained
cells,160,40,100,1,4141,303,582409992,139334,147167,153208,0,0,53004800,0,0,0,140644.76986235208,0,r0-160x40-q100-a1-cells
always,160,40,100,1,4141,303,154503691,36375,39500,62792,8241,8459776000,262400,4096000,0,0,37310.71987442647,0,r0-160x40-q100-a1-always
retained,160,40,100,1,4141,303,80528819,18500,20416,41958,8241,4240384000,262400,2048000,0,0,19446.708283023425,0,r0-160x40-q100-a1-retained
cells,160,40,1,2,4096,256,590564552,143292,149958,156417,0,0,52428800,0,0,0,144180.798828125,0,r0-160x40-q1-a2-cells
always,160,40,1,2,4096,256,406807316,154667,165750,172709,4096,6291456000,26214400,4096000,0,0,99318.1923828125,0,r0-160x40-q1-a2-always
retained,160,40,1,2,4096,256,367219454,154500,165166,171667,4096,4194304000,26214400,2048000,0,0,89653.18701171875,0,r0-160x40-q1-a2-retained
cells,160,40,1,1,4096,256,587149521,143292,149959,156166,0,0,52428800,0,0,0,143347.05102539062,0,r0-160x40-q1-a1-cells
always,160,40,1,1,4096,256,275344681,94459,100917,106042,6144,7340032000,13107200,4096000,0,0,67222.82250976562,0,r0-160x40-q1-a1-always
retained,160,40,1,1,4096,256,217957916,85250,91833,94875,6144,4194304000,13107200,2048000,0,0,53212.3818359375,0,r0-160x40-q1-a1-retained
cells,80,20,0,2,4096,256,144383703,34916,37583,40625,0,0,13107200,0,0,0,35249.927490234375,0,r0-80x20-q0-a2-cells
always,80,20,0,2,4096,256,167019914,40208,45000,47417,0,1048576000,13107200,1024000,0,0,40776.34619140625,0,r0-80x20-q0-a2-always
retained,80,20,0,2,4096,256,163375222,39792,41583,45000,0,1048576000,13107200,512000,0,0,39886.52880859375,0,r0-80x20-q0-a2-retained
cells,80,20,1,1,4096,256,144262188,35083,37209,40584,0,0,13107200,0,0,0,35220.2607421875,0,r0-80x20-q1-a1-cells
always,80,20,1,1,4096,256,64506074,22667,23792,26417,6144,1835008000,3276800,1024000,0,0,15748.55322265625,0,r0-80x20-q1-a1-always
retained,80,20,1,1,4096,256,54657292,21208,22250,25500,6144,1048576000,3276800,512000,0,0,13344.0654296875,0,r0-80x20-q1-a1-retained
cells,80,20,5,2,4098,258,145850558,35417,37542,41417,0,0,13113600,0,0,0,35590.66813079551,0,r0-80x20-q5-a2-cells
always,80,20,5,2,4098,258,54180390,8000,39291,40250,6830,1923328000,2185600,1024000,0,0,13221.178623718888,0,r0-80x20-q5-a2-always
retained,80,20,5,2,4098,258,42788127,4708,38958,40042,6830,1049088000,2185600,512000,0,0,10441.221815519766,0,r0-80x20-q5-a2-retained
cells,80,20,20,2,4116,273,145159448,35167,36959,40625,0,0,13171200,0,0,0,35267.115646258506,0,r0-80x20-q20-a2-cells
always,80,20,20,2,4116,273,38767364,7834,12166,38875,7840,2057216000,627200,1024000,0,0,9418.698736637512,0,r0-80x20-q20-a2-always
retained,80,20,20,2,4116,273,26018004,4667,6666,38958,7840,1053696000,627200,512000,0,0,6321.186588921283,0,r0-80x20-q20-a2-retained
cells,160,40,2,1,4098,258,587204383,143166,150125,157292,0,0,52454400,0,0,0,143290.47901415324,0,r0-160x40-q2-a1-cells
always,160,40,2,1,4098,258,235576535,36584,99792,105584,6830,7693312000,8742400,4096000,0,0,57485.73328452904,0,r0-160x40-q2-a1-always
retained,160,40,2,1,4098,258,170217636,18167,89083,94167,6830,4196352000,8742400,2048000,0,0,41536.75841874085,0,r0-160x40-q2-a1-retained
cells,40,10,1,1,4096,256,34425816,8334,8625,9917,0,0,3276800,0,0,0,8404.740234375,0,r0-40x10-q1-a1-cells
always,40,10,1,1,4096,256,16959434,5458,5833,6709,6144,458752000,819200,256000,0,0,4140.48681640625,0,r0-40x10-q1-a1-always
retained,40,10,1,1,4096,256,12200642,4750,5083,5875,6144,262144000,819200,128000,0,0,2978.67236328125,0,r0-40x10-q1-a1-retained
cells,40,10,0,2,4096,256,35062124,8500,8875,10083,0,0,3276800,0,0,0,8560.0888671875,0,r0-40x10-q0-a2-cells
always,40,10,0,2,4096,256,38323994,9250,9666,11292,0,262144000,3276800,256000,0,0,9356.44384765625,0,r0-40x10-q0-a2-always
retained,40,10,0,2,4096,256,38554363,9333,9625,11125,0,262144000,3276800,128000,0,0,9412.686279296875,0,r0-40x10-q0-a2-retained
cells,80,20,2,1,4098,258,143509935,34667,36666,40167,0,0,13113600,0,0,0,35019.505856515374,0,r0-80x20-q2-a1-cells
always,80,20,2,1,4098,258,54512930,8083,23916,26042,6830,1923328000,2185600,1024000,0,0,13302.325524646169,0,r0-80x20-q2-a1-always
retained,80,20,2,1,4098,258,42703028,4709,22041,23417,6830,1049088000,2185600,512000,0,0,10420.455832113226,0,r0-80x20-q2-a1-retained
cells,160,40,100,2,4141,303,593734056,143166,151542,162292,0,0,53004800,0,0,0,143379.39048539,0,r0-160x40-q100-a2-cells
always,160,40,100,2,4141,303,159928647,36458,39792,73250,8200,8438784000,524800,4096000,0,0,38620.77928036706,0,r0-160x40-q100-a2-always
retained,160,40,100,2,4141,303,83049586,18208,21250,45792,8200,4240384000,524800,2048000,0,0,20055.442163728567,0,r0-160x40-q100-a2-retained
cells,80,20,20,1,4116,273,145754530,35292,37209,40459,0,0,13171200,0,0,0,35411.69339164237,0,r0-80x20-q20-a1-cells
always,80,20,20,1,4116,273,35549525,7833,12208,23417,8036,2082304000,313600,1024000,0,0,8636.910835762877,0,r0-80x20-q20-a1-always
retained,80,20,20,1,4116,273,22756438,4667,8209,21666,8036,1053696000,313600,512000,0,0,5528.775024295433,0,r0-80x20-q20-a1-retained
cells,80,20,2,2,4098,258,145246106,35041,37291,40375,0,0,13113600,0,0,0,35443.16886285993,0,r0-80x20-q2-a2-cells
always,80,20,2,2,4098,258,76834295,8375,39792,43000,5464,1748480000,4371200,1024000,0,0,18749.217911176183,0,r0-80x20-q2-a2-always
retained,80,20,2,2,4098,258,66514160,4750,39292,42208,5464,1049088000,4371200,512000,0,0,16230.88335773548,0,r0-80x20-q2-a2-retained
cells,40,10,2,1,4098,258,35165441,8500,8875,10042,0,0,3278400,0,0,0,8581.122742801366,0,r0-40x10-q2-a1-cells
always,40,10,2,1,4098,258,15492636,2958,5709,5958,6830,480832000,546400,256000,0,0,3780.535871156662,0,r0-40x10-q2-a1-always
retained,40,10,2,1,4098,258,9652416,1000,5208,5292,6830,262272000,546400,128000,0,0,2355.3967789165445,0,r0-40x10-q2-a1-retained
cells,40,10,0,1,4096,256,35161279,8542,8791,10041,0,0,3276800,0,0,0,8584.296630859375,0,r0-40x10-q0-a1-cells
always,40,10,0,1,4096,256,23092642,5584,5834,6667,4096,393216000,1638400,256000,0,0,5637.85205078125,0,r0-40x10-q0-a1-always
retained,40,10,0,1,4096,256,20416856,4958,5084,5833,4096,262144000,1638400,128000,0,0,4984.583984375,0,r0-40x10-q0-a1-retained
cells,160,40,20,1,4116,273,586046929,142375,148708,154250,0,0,52684800,0,0,0,142382.63581146745,0,r0-160x40-q20-a1-cells
always,160,40,20,1,4116,273,163832650,36458,44750,99084,8036,8329216000,1254400,4096000,0,0,39803.850826044705,0,r0-160x40-q20-a1-always
retained,160,40,20,1,4116,273,89444209,18208,25250,89000,8036,4214784000,1254400,2048000,0,0,21730.85738581147,0,r0-160x40-q20-a1-retained
cells,40,10,5,1,4098,258,33796139,8209,8458,9625,0,0,3278400,0,0,0,8246.98365056125,0,r0-40x10-q5-a1-cells
always,40,10,5,1,4098,258,12380462,2500,5875,6542,7513,502688000,273200,256000,0,0,3021.0985846754515,0,r0-40x10-q5-a1-always
retained,40,10,5,1,4098,258,6158281,833,5000,5084,7513,262272000,273200,128000,0,0,1502.7528062469498,0,r0-40x10-q5-a1-retained
cells,80,20,100,2,4141,303,147103257,35167,37459,40583,0,0,13251200,0,0,0,35523.60709973436,0,r0-80x20-q100-a2-cells
always,80,20,100,2,4141,303,34151863,7792,8458,38042,8200,2109696000,131200,1024000,0,0,8247.250181115673,0,r0-80x20-q100-a2-always
retained,80,20,100,2,4141,303,21042146,4667,5209,12375,8200,1060096000,131200,512000,0,0,5081.416566046849,0,r0-80x20-q100-a2-retained
cells,80,20,5,1,4098,258,144000643,34875,36750,39958,0,0,13113600,0,0,0,35139.24914592484,1,r1-80x20-q5-a1-cells
retained,80,20,5,1,4098,258,30956043,4708,21583,22166,7513,1049088000,1092800,512000,0,0,7553.939238653002,1,r1-80x20-q5-a1-retained
always,80,20,5,1,4098,258,43029628,7875,23292,23667,7513,2010752000,1092800,1024000,0,0,10500.153245485602,1,r1-80x20-q5-a1-always
cells,80,20,0,1,4096,256,148105278,35958,38041,41167,0,0,13107200,0,0,0,36158.51513671875,1,r1-80x20-q0-a1-cells
retained,80,20,0,1,4096,256,90845277,21959,23333,26333,4096,1048576000,6553600,512000,0,0,22179.022705078125,1,r1-80x20-q0-a1-retained
always,80,20,0,1,4096,256,97388860,23583,24750,28000,4096,1572864000,6553600,1024000,0,0,23776.5771484375,1,r1-80x20-q0-a1-always
cells,40,10,5,2,4098,258,34115819,8291,8583,9833,0,0,3278400,0,0,0,8324.992435334309,1,r1-40x10-q5-a2-cells
retained,40,10,5,2,4098,258,9587671,916,9542,9709,6830,262272000,546400,128000,0,0,2339.597608589556,1,r1-40x10-q5-a2-retained
always,40,10,5,2,4098,258,15033284,2500,9458,9833,6830,480832000,546400,256000,0,0,3668.444119082479,1,r1-40x10-q5-a2-always
cells,80,20,1,1,4096,256,145410628,35250,37791,40833,0,0,13107200,0,0,0,35500.6416015625,1,r1-80x20-q1-a1-cells
retained,80,20,1,1,4096,256,54423142,21208,21959,24917,6144,1048576000,3276800,512000,0,0,13286.89990234375,1,r1-80x20-q1-a1-retained
always,80,20,1,1,4096,256,64212211,22709,23583,25875,6144,1835008000,3276800,1024000,0,0,15676.809326171875,1,r1-80x20-q1-a1-always
cells,160,40,2,1,4098,258,586538095,142709,149667,155334,0,0,52454400,0,0,0,143127.8904343582,1,r1-160x40-q2-a1-cells
retained,160,40,2,1,4098,258,171262047,18292,89208,94708,6830,4196352000,8742400,2048000,0,0,41791.617130307466,1,r1-160x40-q2-a1-retained
always,160,40,2,1,4098,258,237791815,37042,99833,104625,6830,7693312000,8742400,4096000,0,0,58026.30917520742,1,r1-160x40-q2-a1-always
cells,160,40,1,2,4096,256,582092968,140375,148875,155208,0,0,52428800,0,0,0,142112.541015625,1,r1-160x40-q1-a2-cells
retained,160,40,1,2,4096,256,372332541,153708,168875,177583,4096,4194304000,26214400,2048000,0,0,90901.49926757812,1,r1-160x40-q1-a2-retained
always,160,40,1,2,4096,256,407013026,154708,165917,173834,4096,6291456000,26214400,4096000,0,0,99368.41455078125,1,r1-160x40-q1-a2-always
cells,40,10,5,1,4098,258,34026731,8250,8583,9833,0,0,3278400,0,0,0,8303.253050268424,1,r1-40x10-q5-a1-cells
retained,40,10,5,1,4098,258,6202064,875,5083,5125,7513,262272000,273200,128000,0,0,1513.4367984382625,1,r1-40x10-q5-a1-retained
always,40,10,5,1,4098,258,12504266,2500,5958,6167,7513,502688000,273200,256000,0,0,3051.3094192288922,1,r1-40x10-q5-a1-always
cells,80,20,2,1,4098,258,142842355,34500,36542,39875,0,0,13113600,0,0,0,34856.60200097608,1,r1-80x20-q2-a1-cells
retained,80,20,2,1,4098,258,42526486,4709,21750,23833,6830,1049088000,2185600,512000,0,0,10377.37579306979,1,r1-80x20-q2-a1-retained
always,80,20,2,1,4098,258,54374403,8084,23792,26208,6830,1923328000,2185600,1024000,0,0,13268.52196193265,1,r1-80x20-q2-a1-always
cells,160,40,20,2,4116,273,587257175,141250,149500,155292,0,0,52684800,0,0,0,142676.67031098154,1,r1-160x40-q20-a2-cells
retained,160,40,20,2,4116,273,104091565,18209,25125,162917,7840,4214784000,2508800,2048000,0,0,25289.49586977648,1,r1-160x40-q20-a2-retained
always,160,40,20,2,4116,273,176155416,36500,44250,162208,7840,8228864000,2508800,4096000,0,0,42797.720116618075,1,r1-160x40-q20-a2-always
cells,80,20,20,2,4116,273,144712221,34750,37250,40250,0,0,13171200,0,0,0,35158.45991253644,1,r1-80x20-q20-a2-cells
retained,80,20,20,2,4116,273,26351807,4708,7625,39417,7840,1053696000,627200,512000,0,0,6402.28547133139,1,r1-80x20-q20-a2-retained
always,80,20,20,2,4116,273,38620981,7833,12084,39000,7840,2057216000,627200,1024000,0,0,9383.134353741496,1,r1-80x20-q20-a2-always
cells,160,40,20,1,4116,273,588653853,143125,149500,155625,0,0,52684800,0,0,0,143015.99927113703,1,r1-160x40-q20-a1-cells
retained,160,40,20,1,4116,273,89221518,18167,24875,87958,8036,4214784000,1254400,2048000,0,0,21676.753644314867,1,r1-160x40-q20-a1-retained
always,160,40,20,1,4116,273,164428285,36500,46625,99791,8036,8329216000,1254400,4096000,0,0,39948.56292517007,1,r1-160x40-q20-a1-always
cells,40,10,100,2,4141,303,34857421,8334,8584,9958,0,0,3312800,0,0,0,8417.633663366336,1,r1-40x10-q100-a2-cells
retained,40,10,100,2,4141,303,3286997,667,917,6375,8200,265024000,32800,128000,0,0,793.7688964018353,1,r1-40x10-q100-a2-retained
always,40,10,100,2,4141,303,8536999,1958,2291,9292,8200,527424000,32800,256000,0,0,2061.5790871770105,1,r1-40x10-q100-a2-always
cells,40,10,20,2,4116,273,34823907,8375,8667,10000,0,0,3292800,0,0,0,8460.618804664724,1,r1-40x10-q20-a2-cells
retained,40,10,20,2,4116,273,4851143,750,1500,9292,7840,263424000,156800,128000,0,0,1178.6061710398444,1,r1-40x10-q20-a2-retained
always,40,10,20,2,4116,273,10171467,2042,3000,9417,7840,514304000,156800,256000,0,0,2471.201895043732,1,r1-40x10-q20-a2-always
cells,40,10,1,2,4096,256,35383359,8583,8875,10167,0,0,3276800,0,0,0,8638.515380859375,1,r1-40x10-q1-a2-cells
retained,40,10,1,2,4096,256,21457971,8958,9375,10750,4096,262144000,1638400,128000,0,0,5238.762451171875,1,r1-40x10-q1-a2-retained
always,40,10,1,2,4096,256,23575687,8875,9417,10125,4096,393216000,1638400,256000,0,0,5755.782958984375,1,r1-40x10-q1-a2-always
cells,160,40,5,1,4098,258,581354854,141125,148375,153959,0,0,52454400,0,0,0,141863.0683260127,1,r1-160x40-q5-a1-cells
retained,160,40,5,1,4098,258,123545619,18250,88917,93042,7513,4196352000,4371200,2048000,0,0,30147.784040995608,1,r1-160x40-q5-a1-retained
always,160,40,5,1,4098,258,192879639,36500,98625,102625,7513,8043008000,4371200,4096000,0,0,47066.77379209371,1,r1-160x40-q5-a1-always
cells,160,40,100,2,4141,303,598543032,143750,152750,162209,0,0,53004800,0,0,0,144540.69838203333,1,r1-160x40-q100-a2-cells
retained,160,40,100,2,4141,303,83420433,18458,20000,34166,8200,4240384000,524800,2048000,0,0,20144.99710214924,1,r1-160x40-q100-a2-retained
always,160,40,100,2,4141,303,159180003,36500,39625,74375,8200,8438784000,524800,4096000,0,0,38439.99106496015,1,r1-160x40-q100-a2-always
cells,40,10,0,2,4096,256,36727616,8917,9125,10500,0,0,3276800,0,0,0,8966.703125,1,r1-40x10-q0-a2-cells
retained,40,10,0,2,4096,256,38576786,9334,9667,11166,0,262144000,3276800,128000,0,0,9418.16064453125,1,r1-40x10-q0-a2-retained
always,40,10,0,2,4096,256,37959117,9209,9458,10792,0,262144000,3276800,256000,0,0,9267.362548828125,1,r1-40x10-q0-a2-always
cells,80,20,100,1,4141,303,147277751,35292,38166,41125,0,0,13251200,0,0,0,35565.745230620625,1,r1-80x20-q100-a1-cells
retained,80,20,100,1,4141,303,20310691,4667,4875,10833,8241,1060096000,65600,512000,0,0,4904.779280367061,1,r1-80x20-q100-a1-retained
always,80,20,100,1,4141,303,33538033,7875,8291,15917,8241,2114944000,65600,1024000,0,0,8099.0178700796905,1,r1-80x20-q100-a1-always
cells,80,20,100,2,4141,303,146083161,35208,36958,40209,0,0,13251200,0,0,0,35277.266602269985,1,r1-80x20-q100-a2-cells
retained,80,20,100,2,4141,303,21106274,4667,5541,12709,8200,1060096000,131200,512000,0,0,5096.902680511954,1,r1-80x20-q100-a2-retained
always,80,20,100,2,4141,303,35541483,8083,9291,38916,8200,2109696000,131200,1024000,0,0,8582.826128954359,1,r1-80x20-q100-a2-always
cells,160,40,0,2,4096,256,585465944,142500,150458,157416,0,0,52428800,0,0,0,142936.021484375,1,r1-160x40-q0-a2-cells
retained,160,40,0,2,4096,256,666083654,161333,170042,184583,0,4194304000,52428800,2048000,0,0,162618.07958984375,1,r1-160x40-q0-a2-retained
always,160,40,0,2,4096,256,658650247,159541,169459,179958,0,4194304000,52428800,4096000,0,0,160803.28295898438,1,r1-160x40-q0-a2-always
cells,80,20,2,2,4098,258,146791009,35625,37166,40791,0,0,13113600,0,0,0,35820.15836993655,1,r1-80x20-q2-a2-cells
retained,80,20,2,2,4098,258,66824552,4750,39500,42792,5464,1049088000,4371200,512000,0,0,16306.625671059053,1,r1-80x20-q2-a2-retained
always,80,20,2,2,4098,258,77007560,8375,39834,43417,5464,1748480000,4371200,1024000,0,0,18791.498291849683,1,r1-80x20-q2-a2-always
cells,160,40,100,1,4141,303,597086733,143541,152041,157250,0,0,53004800,0,0,0,144189.02028495533,1,r1-160x40-q100-a1-cells
retained,160,40,100,1,4141,303,78948463,18167,19875,31334,8241,4240384000,262400,2048000,0,0,19065.07196329389,1,r1-160x40-q100-a1-retained
always,160,40,100,1,4141,303,159041004,36500,41125,98583,8241,8459776000,262400,4096000,0,0,38406.42453513644,1,r1-160x40-q100-a1-always
cells,40,10,2,1,4098,258,34571671,8333,8833,10084,0,0,3278400,0,0,0,8436.230112249877,1,r1-40x10-q2-a1-cells
retained,40,10,2,1,4098,258,9159625,917,5000,5125,6830,262272000,546400,128000,0,0,2235.1451927769644,1,r1-40x10-q2-a1-retained
always,40,10,2,1,4098,258,15503694,2917,5875,6125,6830,480832000,546400,256000,0,0,3783.234260614934,1,r1-40x10-q2-a1-always
cells,40,10,2,2,4098,258,34326734,8333,8625,9917,0,0,3278400,0,0,0,8376.460224499757,1,r1-40x10-q2-a2-cells
retained,40,10,2,2,4098,258,17232731,1167,9708,11167,5464,262272000,1092800,128000,0,0,4205.156417764763,1,r1-40x10-q2-a2-retained
always,40,10,2,2,4098,258,20273930,3000,9625,9875,5464,437120000,1092800,256000,0,0,4947.274280136652,1,r1-40x10-q2-a2-always
cells,40,10,0,1,4096,256,34609317,8375,8791,10083,0,0,3276800,0,0,0,8449.540283203125,1,r1-40x10-q0-a1-cells
retained,40,10,0,1,4096,256,20175505,4916,5042,5792,4096,262144000,1638400,128000,0,0,4925.660400390625,1,r1-40x10-q0-a1-retained
always,40,10,0,1,4096,256,22906640,5542,5750,6458,4096,393216000,1638400,256000,0,0,5592.44140625,1,r1-40x10-q0-a1-always
cells,160,40,2,2,4098,258,581732888,140125,148583,156042,0,0,52454400,0,0,0,141955.31673987312,1,r1-160x40-q2-a2-cells
retained,160,40,2,2,4098,258,273843306,18625,164458,173916,5464,4196352000,17484800,2048000,0,0,66823.64714494876,1,r1-160x40-q2-a2-retained
always,160,40,2,2,4098,258,319705221,36792,163750,170792,5464,6993920000,17484800,4096000,0,0,78014.939238653,1,r1-160x40-q2-a2-always
cells,80,20,20,1,4116,273,152770940,36500,39333,43125,0,0,13171200,0,0,0,37116.360544217685,1,r1-80x20-q20-a1-cells
retained,80,20,20,1,4116,273,22908225,4667,6291,22042,8036,1053696000,313600,512000,0,0,5565.652332361516,1,r1-80x20-q20-a1-retained
always,80,20,20,1,4116,273,35959878,7875,12334,23917,8036,2082304000,313600,1024000,0,0,8736.607871720116,1,r1-80x20-q20-a1-always
cells,40,10,20,1,4116,273,35581108,8625,8875,10167,0,0,3292800,0,0,0,8644.584062196307,1,r1-40x10-q20-a1-cells
retained,40,10,20,1,4116,273,3929160,709,1583,5084,8036,263424000,78400,128000,0,0,954.6064139941691,1,r1-40x10-q20-a1-retained
always,40,10,20,1,4116,273,9666587,2083,4500,6042,8036,520576000,78400,256000,0,0,2348.5391156462583,1,r1-40x10-q20-a1-always
cells,40,10,100,1,4141,303,34957469,8375,8875,10125,0,0,3312800,0,0,0,8441.794011108428,1,r1-40x10-q100-a1-cells
retained,40,10,100,1,4141,303,3288682,709,917,2125,8241,265024000,16400,128000,0,0,794.1758029461482,1,r1-40x10-q100-a1-retained
always,40,10,100,1,4141,303,8371905,1958,2291,5750,8241,528736000,16400,256000,0,0,2021.7109393866215,1,r1-40x10-q100-a1-always
cells,160,40,0,1,4096,256,583522292,142458,149958,156291,0,0,52428800,0,0,0,142461.4970703125,1,r1-160x40-q0-a1-cells
retained,160,40,0,1,4096,256,361836723,87250,93458,98375,4096,4194304000,26214400,2048000,0,0,88339.04370117188,1,r1-160x40-q0-a1-retained
always,160,40,0,1,4096,256,399525187,96000,104417,110042,4096,6291456000,26214400,4096000,0,0,97540.32885742188,1,r1-160x40-q0-a1-always
cells,40,10,1,1,4096,256,35773152,8666,9000,10333,0,0,3276800,0,0,0,8733.6796875,1,r1-40x10-q1-a1-cells
retained,40,10,1,1,4096,256,12181744,4791,5041,5791,6144,262144000,819200,128000,0,0,2974.05859375,1,r1-40x10-q1-a1-retained
always,40,10,1,1,4096,256,16777888,5333,5750,6375,6144,458752000,819200,256000,0,0,4096.1640625,1,r1-40x10-q1-a1-always
cells,80,20,1,2,4096,256,144777752,34959,37875,40583,0,0,13107200,0,0,0,35346.130859375,1,r1-80x20-q1-a2-cells
retained,80,20,1,2,4096,256,90495969,38125,40250,44208,4096,1048576000,6553600,512000,0,0,22093.742431640625,1,r1-80x20-q1-a2-retained
always,80,20,1,2,4096,256,97958663,37875,40083,43292,4096,1572864000,6553600,1024000,0,0,23915.689208984375,1,r1-80x20-q1-a2-always
cells,80,20,0,2,4096,256,144854804,35042,37167,40375,0,0,13107200,0,0,0,35364.9423828125,1,r1-80x20-q0-a2-cells
retained,80,20,0,2,4096,256,164907349,39791,43666,48000,0,1048576000,13107200,512000,0,0,40260.583251953125,1,r1-80x20-q0-a2-retained
always,80,20,0,2,4096,256,169633268,41375,42792,45542,0,1048576000,13107200,1024000,0,0,41414.3720703125,1,r1-80x20-q0-a2-always
cells,160,40,5,2,4098,258,627660587,147500,171750,317083,0,0,52454400,0,0,0,153162.6615422157,1,r1-160x40-q5-a2-cells
retained,160,40,5,2,4098,258,177991298,18583,167708,173500,6830,4196352000,8742400,2048000,0,0,43433.69887750122,1,r1-160x40-q5-a2-retained
always,160,40,5,2,4098,258,246610617,38125,166875,178375,6830,7693312000,8742400,4096000,0,0,60178.28623718887,1,r1-160x40-q5-a2-always
cells,80,20,5,2,4098,258,146842640,35583,38333,41917,0,0,13113600,0,0,0,35832.757442654955,1,r1-80x20-q5-a2-cells
retained,80,20,5,2,4098,258,43123269,4708,39042,42250,6830,1049088000,2185600,512000,0,0,10523.003660322109,1,r1-80x20-q5-a2-retained
always,80,20,5,2,4098,258,56863395,8333,40666,44250,6830,1923328000,2185600,1024000,0,0,13875.889458272328,1,r1-80x20-q5-a2-always
cells,160,40,1,1,4096,256,595030653,144542,153334,159292,0,0,52428800,0,0,0,145271.15551757812,1,r1-160x40-q1-a1-cells
retained,160,40,1,1,4096,256,224606885,84250,95458,127375,6144,4194304000,13107200,2048000,0,0,54835.665283203125,1,r1-160x40-q1-a1-retained
always,160,40,1,1,4096,256,295295998,95208,108125,151583,6144,7340032000,13107200,4096000,0,0,72093.74951171875,1,r1-160x40-q1-a1-always
always,80,20,0,2,4096,256,175982063,41333,50583,74958,0,1048576000,13107200,1024000,0,0,42964.370849609375,2,r2-80x20-q0-a2-always
cells,80,20,0,2,4096,256,158278424,36958,44542,72584,0,0,13107200,0,0,0,38642.193359375,2,r2-80x20-q0-a2-cells
retained,80,20,0,2,4096,256,179924450,40709,60500,110167,0,1048576000,13107200,512000,0,0,43926.86767578125,2,r2-80x20-q0-a2-retained
always,80,20,1,1,4096,256,71253561,23041,25333,43292,6144,1835008000,3276800,1024000,0,0,17395.888916015625,2,r2-80x20-q1-a1-always
cells,80,20,1,1,4096,256,151729516,36375,38208,55166,0,0,13107200,0,0,0,37043.3388671875,2,r2-80x20-q1-a1-cells
retained,80,20,1,1,4096,256,57004439,21375,23125,26167,6144,1048576000,3276800,512000,0,0,13917.099365234375,2,r2-80x20-q1-a1-retained
always,40,10,5,2,4098,258,15938762,2708,9791,10875,6830,480832000,546400,256000,0,0,3889.4001952171793,2,r2-40x10-q5-a2-always
cells,40,10,5,2,4098,258,36627350,8916,9167,10833,0,0,3278400,0,0,0,8937.859931673987,2,r2-40x10-q5-a2-cells
retained,40,10,5,2,4098,258,9963358,958,9708,10000,6830,262272000,546400,128000,0,0,2431.2733040507565,2,r2-40x10-q5-a2-retained
always,40,10,20,2,4116,273,10697050,2166,3250,9833,7840,514304000,156800,256000,0,0,2598.894557823129,2,r2-40x10-q20-a2-always
cells,40,10,20,2,4116,273,35984260,8625,9833,10375,0,0,3292800,0,0,0,8742.531584062197,2,r2-40x10-q20-a2-cells
retained,40,10,20,2,4116,273,5109416,792,1833,9583,7840,263424000,156800,128000,0,0,1241.354713313897,2,r2-40x10-q20-a2-retained
always,80,20,100,1,4141,303,35566551,8083,9917,24208,8241,2114944000,65600,1024000,0,0,8588.879739193431,2,r2-80x20-q100-a1-always
cells,80,20,100,1,4141,303,150379244,34875,39875,62709,0,0,13251200,0,0,0,36314.71721806327,2,r2-80x20-q100-a1-cells
retained,80,20,100,1,4141,303,20645142,4708,5500,21667,8241,1060096000,65600,512000,0,0,4985.545037430572,2,r2-80x20-q100-a1-retained
always,40,10,100,2,4141,303,8674154,1959,2375,8667,8200,527424000,32800,256000,0,0,2094.7003139338326,2,r2-40x10-q100-a2-always
cells,40,10,100,2,4141,303,35928295,8583,9083,10208,0,0,3312800,0,0,0,8676.236416324558,2,r2-40x10-q100-a2-cells
retained,40,10,100,2,4141,303,3395244,708,875,4833,8200,265024000,32800,128000,0,0,819.9092006761651,2,r2-40x10-q100-a2-retained
always,80,20,0,1,4096,256,96599947,23333,25333,27791,4096,1572864000,6553600,1024000,0,0,23583.971435546875,2,r2-80x20-q0-a1-always
cells,80,20,0,1,4096,256,146544402,35541,38458,41458,0,0,13107200,0,0,0,35777.44189453125,2,r2-80x20-q0-a1-cells
retained,80,20,0,1,4096,256,92136026,22208,24583,26625,4096,1048576000,6553600,512000,0,0,22494.14697265625,2,r2-80x20-q0-a1-retained
always,40,10,0,2,4096,256,38921644,9416,10250,11292,0,262144000,3276800,256000,0,0,9502.3544921875,2,r2-40x10-q0-a2-always
cells,40,10,0,2,4096,256,35404468,8542,9291,10292,0,0,3276800,0,0,0,8643.6689453125,2,r2-40x10-q0-a2-cells
retained,40,10,0,2,4096,256,38379143,9250,10333,11167,0,262144000,3276800,128000,0,0,9369.907958984375,2,r2-40x10-q0-a2-retained
always,80,20,20,1,4116,273,36123426,7917,10375,24292,8036,2082304000,313600,1024000,0,0,8776.342565597668,2,r2-80x20-q20-a1-always
cells,80,20,20,1,4116,273,145474388,34791,38542,41084,0,0,13171200,0,0,0,35343.631681243925,2,r2-80x20-q20-a1-cells
retained,80,20,20,1,4116,273,22925569,4708,8375,21708,8036,1053696000,313600,512000,0,0,5569.8661321671525,2,r2-80x20-q20-a1-retained
always,80,20,2,2,4098,258,75850481,8209,39250,43375,5464,1748480000,4371200,1024000,0,0,18509.14616886286,2,r2-80x20-q2-a2-always
cells,80,20,2,2,4098,258,145530630,35375,37625,40292,0,0,13113600,0,0,0,35512.59882869692,2,r2-80x20-q2-a2-cells
retained,80,20,2,2,4098,258,68192364,4750,40458,44291,5464,1049088000,4371200,512000,0,0,16640.401171303074,2,r2-80x20-q2-a2-retained
always,160,40,2,2,4098,258,323396569,36792,167292,175292,5464,6993920000,17484800,4096000,0,0,78915.7074182528,2,r2-160x40-q2-a2-always
cells,160,40,2,2,4098,258,598609593,144208,154375,164292,0,0,52454400,0,0,0,146073.59516837483,2,r2-160x40-q2-a2-cells
retained,160,40,2,2,4098,258,273650900,18750,165750,173667,5464,4196352000,17484800,2048000,0,0,66776.69594924353,2,r2-160x40-q2-a2-retained
always,160,40,0,1,4096,256,406793235,97875,107958,114625,4096,6291456000,26214400,4096000,0,0,99314.75463867188,2,r2-160x40-q0-a1-always
cells,160,40,0,1,4096,256,584271825,142334,149916,157042,0,0,52428800,0,0,0,142644.48852539062,2,r2-160x40-q0-a1-cells
retained,160,40,0,1,4096,256,363343269,88000,93041,97667,4096,4194304000,26214400,2048000,0,0,88706.85278320312,2,r2-160x40-q0-a1-retained
always,40,10,20,1,4116,273,9227413,2000,2792,5875,8036,520576000,78400,256000,0,0,2241.839893100097,2,r2-40x10-q20-a1-always
cells,40,10,20,1,4116,273,35195351,8458,9041,10125,0,0,3292800,0,0,0,8550.862730806608,2,r2-40x10-q20-a1-cells
retained,40,10,20,1,4116,273,3995340,708,1417,5167,8036,263424000,78400,128000,0,0,970.6851311953353,2,r2-40x10-q20-a1-retained
always,80,20,1,2,4096,256,97973798,37959,40167,43417,4096,1572864000,6553600,1024000,0,0,23919.38427734375,2,r2-80x20-q1-a2-always
cells,80,20,1,2,4096,256,146976601,35583,38500,41375,0,0,13107200,0,0,0,35882.959228515625,2,r2-80x20-q1-a2-cells
retained,80,20,1,2,4096,256,90544168,38000,40166,43709,4096,1048576000,6553600,512000,0,0,22105.509765625,2,r2-80x20-q1-a2-retained
always,40,10,2,2,4098,258,19789582,2916,9375,10375,5464,437120000,1092800,256000,0,0,4829.082967301122,2,r2-40x10-q2-a2-always
cells,40,10,2,2,4098,258,34415128,8333,8750,9959,0,0,3278400,0,0,0,8398.030258662762,2,r2-40x10-q2-a2-cells
retained,40,10,2,2,4098,258,15715677,1125,9541,10791,5464,262272000,1092800,128000,0,0,3834.962664714495,2,r2-40x10-q2-a2-retained
always,40,10,1,1,4096,256,16920704,5375,5750,6625,6144,458752000,819200,256000,0,0,4131.03125,2,r2-40x10-q1-a1-always
cells,40,10,1,1,4096,256,35632038,8584,9125,10125,0,0,3276800,0,0,0,8699.22802734375,2,r2-40x10-q1-a1-cells
retained,40,10,1,1,4096,256,12164384,4750,5000,5708,6144,262144000,819200,128000,0,0,2969.8203125,2,r2-40x10-q1-a1-retained
always,160,40,2,1,4098,258,236934191,37250,102041,108375,6830,7693312000,8742400,4096000,0,0,57817.03050268424,2,r2-160x40-q2-a1-always
cells,160,40,2,1,4098,258,589478573,143125,152167,162000,0,0,52454400,0,0,0,143845.43020985846,2,r2-160x40-q2-a1-cells
retained,160,40,2,1,4098,258,170860465,18292,89125,94792,6830,4196352000,8742400,2048000,0,0,41693.62249877989,2,r2-160x40-q2-a1-retained
always,160,40,5,2,4098,258,239862086,36625,164208,174375,6830,7693312000,8742400,4096000,0,0,58531.499755978526,2,r2-160x40-q5-a2-always
cells,160,40,5,2,4098,258,595429841,144167,154292,165459,0,0,52454400,0,0,0,145297.66739873108,2,r2-160x40-q5-a2-cells
retained,160,40,5,2,4098,258,176252148,18542,165958,171334,6830,4196352000,8742400,2048000,0,0,43009.308931185944,2,r2-160x40-q5-a2-retained
always,80,20,100,2,4141,303,35118909,8041,8667,39334,8200,2109696000,131200,1024000,0,0,8480.779763342189,2,r2-80x20-q100-a2-always
cells,80,20,100,2,4141,303,150658125,35750,40459,42291,0,0,13251200,0,0,0,36382.06351122917,2,r2-80x20-q100-a2-cells
retained,80,20,100,2,4141,303,21122138,4667,5166,15959,8200,1060096000,131200,512000,0,0,5100.73363921758,2,r2-80x20-q100-a2-retained
always,40,10,2,1,4098,258,15594586,2917,5875,6792,6830,480832000,546400,256000,0,0,3805.413860419717,2,r2-40x10-q2-a1-always
cells,40,10,2,1,4098,258,35386528,8500,9625,10375,0,0,3278400,0,0,0,8635.072718399219,2,r2-40x10-q2-a1-cells
retained,40,10,2,1,4098,258,9436013,916,5125,5875,6830,262272000,546400,128000,0,0,2302.5897999023914,2,r2-40x10-q2-a1-retained
always,40,10,0,1,4096,256,22907130,5500,6125,6666,4096,393216000,1638400,256000,0,0,5592.56103515625,2,r2-40x10-q0-a1-always
cells,40,10,0,1,4096,256,35650624,8541,9666,10333,0,0,3276800,0,0,0,8703.765625,2,r2-40x10-q0-a1-cells
retained,40,10,0,1,4096,256,20406970,4958,5125,5958,4096,262144000,1638400,128000,0,0,4982.17041015625,2,r2-40x10-q0-a1-retained
always,40,10,100,1,4141,303,8464834,1959,2375,5750,8241,528736000,16400,256000,0,0,2044.152137164936,2,r2-40x10-q100-a1-always
cells,40,10,100,1,4141,303,35613969,8458,9708,10333,0,0,3312800,0,0,0,8600.330596474281,2,r2-40x10-q100-a1-cells
retained,40,10,100,1,4141,303,3314740,750,875,3625,8241,265024000,16400,128000,0,0,800.4684858729776,2,r2-40x10-q100-a1-retained
always,160,40,20,1,4116,273,163752187,36416,45083,98875,8036,8329216000,1254400,4096000,0,0,39784.30199222546,2,r2-160x40-q20-a1-always
cells,160,40,20,1,4116,273,593754170,143875,152250,159209,0,0,52684800,0,0,0,144255.14334305152,2,r2-160x40-q20-a1-cells
retained,160,40,20,1,4116,273,89766978,18208,25375,90292,8036,4214784000,1254400,2048000,0,0,21809.275510204083,2,r2-160x40-q20-a1-retained
always,80,20,5,1,4098,258,43267804,7875,23417,25791,7513,2010752000,1092800,1024000,0,0,10558.273304050757,2,r2-80x20-q5-a1-always
cells,80,20,5,1,4098,258,146738437,35333,39083,40916,0,0,13113600,0,0,0,35807.32967301123,2,r2-80x20-q5-a1-cells
retained,80,20,5,1,4098,258,32001817,4875,22542,23083,7513,1049088000,1092800,512000,0,0,7809.130551488531,2,r2-80x20-q5-a1-retained
always,80,20,5,2,4098,258,53972250,8000,38750,40667,6830,1923328000,2185600,1024000,0,0,13170.387994143484,2,r2-80x20-q5-a2-always
cells,80,20,5,2,4098,258,143998307,34791,37000,40208,0,0,13113600,0,0,0,35138.679111761834,2,r2-80x20-q5-a2-cells
retained,80,20,5,2,4098,258,42702645,4708,38750,40583,6830,1049088000,2185600,512000,0,0,10420.362371888727,2,r2-80x20-q5-a2-retained
always,40,10,5,1,4098,258,12514296,2500,5833,6000,7513,502688000,273200,256000,0,0,3053.7569546120058,2,r2-40x10-q5-a1-always
cells,40,10,5,1,4098,258,35700443,8625,9083,10417,0,0,3278400,0,0,0,8711.674719375305,2,r2-40x10-q5-a1-cells
retained,40,10,5,1,4098,258,6233216,875,5083,5167,7513,262272000,273200,128000,0,0,1521.0385553928745,2,r2-40x10-q5-a1-retained
always,160,40,0,2,4096,256,656073819,159791,167084,174750,0,4194304000,52428800,4096000,0,0,160174.27221679688,2,r2-160x40-q0-a2-always
cells,160,40,0,2,4096,256,586776397,143083,150375,158417,0,0,52428800,0,0,0,143255.95629882812,2,r2-160x40-q0-a2-cells
retained,160,40,0,2,4096,256,656213258,158792,167875,174708,0,4194304000,52428800,2048000,0,0,160208.31494140625,2,r2-160x40-q0-a2-retained
always,160,40,1,2,4096,256,407865166,155000,166500,173083,4096,6291456000,26214400,4096000,0,0,99576.45654296875,2,r2-160x40-q1-a2-always
cells,160,40,1,2,4096,256,584272584,142416,149625,155584,0,0,52428800,0,0,0,142644.673828125,2,r2-160x40-q1-a2-cells
retained,160,40,1,2,4096,256,369534722,155125,166000,173459,4096,4194304000,26214400,2048000,0,0,90218.43798828125,2,r2-160x40-q1-a2-retained
always,160,40,5,1,4098,258,193078497,36500,98334,103000,7513,8043008000,4371200,4096000,0,0,47115.29941434846,2,r2-160x40-q5-a1-always
cells,160,40,5,1,4098,258,592350343,143333,151875,169500,0,0,52454400,0,0,0,144546.2037579307,2,r2-160x40-q5-a1-cells
retained,160,40,5,1,4098,258,123312218,18250,88542,92875,7513,4196352000,4371200,2048000,0,0,30090.829184968276,2,r2-160x40-q5-a1-retained
always,160,40,100,2,4141,303,157581990,36375,39416,101459,8200,8438784000,524800,4096000,0,0,38054.090799323836,2,r2-160x40-q100-a2-always
cells,160,40,100,2,4141,303,592372641,142708,150750,157667,0,0,53004800,0,0,0,143050.62569427674,2,r2-160x40-q100-a2-cells
retained,160,40,100,2,4141,303,82800993,18208,21333,31917,8200,4240384000,524800,2048000,0,0,19995.410045882636,2,r2-160x40-q100-a2-retained
always,160,40,1,1,4096,256,274896958,94291,100750,106958,6144,7340032000,13107200,4096000,0,0,67113.51513671875,2,r2-160x40-q1-a1-always
cells,160,40,1,1,4096,256,588963107,143458,151750,158583,0,0,52428800,0,0,0,143789.82104492188,2,r2-160x40-q1-a1-cells
retained,160,40,1,1,4096,256,219514311,85458,91292,96958,6144,4194304000,13107200,2048000,0,0,53592.361083984375,2,r2-160x40-q1-a1-retained
always,80,20,2,1,4098,258,53630338,7958,23334,25875,6830,1923328000,2185600,1024000,0,0,13086.954123962909,2,r2-80x20-q2-a1-always
cells,80,20,2,1,4098,258,147545834,35708,37417,40708,0,0,13113600,0,0,0,36004.351878965346,2,r2-80x20-q2-a1-cells
retained,80,20,2,1,4098,258,42758761,4709,21875,24583,6830,1049088000,2185600,512000,0,0,10434.05588091752,2,r2-80x20-q2-a1-retained
always,160,40,100,1,4141,303,166355937,37500,42875,95834,8241,8459776000,262400,4096000,0,0,40172.88988167109,2,r2-160x40-q100-a1-always
cells,160,40,100,1,4141,303,593055099,142792,150083,156291,0,0,53004800,0,0,0,143215.4308138131,2,r2-160x40-q100-a1-cells
retained,160,40,100,1,4141,303,79833236,18209,21417,65208,8241,4240384000,262400,2048000,0,0,19278.733639217582,2,r2-160x40-q100-a1-retained
always,160,40,20,2,4116,273,178988761,36542,45625,169583,7840,8228864000,2508800,4096000,0,0,43486.09353741496,2,r2-160x40-q20-a2-always
cells,160,40,20,2,4116,273,588679915,142666,150667,157542,0,0,52684800,0,0,0,143022.3311467444,2,r2-160x40-q20-a2-cells
retained,160,40,20,2,4116,273,104878060,18250,25125,163208,7840,4214784000,2508800,2048000,0,0,25480.57823129252,2,r2-160x40-q20-a2-retained
always,80,20,20,2,4116,273,39434709,7958,11917,40542,7840,2057216000,627200,1024000,0,0,9580.833090379008,2,r2-80x20-q20-a2-always
cells,80,20,20,2,4116,273,147100625,35584,38208,40542,0,0,13171200,0,0,0,35738.73299319728,2,r2-80x20-q20-a2-cells
retained,80,20,20,2,4116,273,26113048,4667,7667,39000,7840,1053696000,627200,512000,0,0,6344.277939747328,2,r2-80x20-q20-a2-retained
always,40,10,1,2,4096,256,23546649,9000,9375,10084,4096,393216000,1638400,256000,0,0,5748.693603515625,2,r2-40x10-q1-a2-always
cells,40,10,1,2,4096,256,34909460,8458,8958,10250,0,0,3276800,0,0,0,8522.8173828125,2,r2-40x10-q1-a2-cells
retained,40,10,1,2,4096,256,21843704,8958,9625,11125,4096,262144000,1638400,128000,0,0,5332.935546875,2,r2-40x10-q1-a2-retained
always,80,20,100,1,4141,303,36144958,7958,8583,23667,8241,2114944000,65600,1024000,0,0,8728.557836271431,3,r3-80x20-q100-a1-always
retained,80,20,100,1,4141,303,20159733,4667,4792,12292,8241,1060096000,65600,512000,0,0,4868.32480077276,3,r3-80x20-q100-a1-retained
cells,80,20,100,1,4141,303,147772165,35500,37792,40792,0,0,13251200,0,0,0,35685.14006278677,3,r3-80x20-q100-a1-cells
always,160,40,5,1,4098,258,194008764,36583,98750,104166,7513,8043008000,4371200,4096000,0,0,47342.30453879941,3,r3-160x40-q5-a1-always
retained,160,40,5,1,4098,258,124263983,18250,89375,94334,7513,4196352000,4371200,2048000,0,0,30323.080283064908,3,r3-160x40-q5-a1-retained
cells,160,40,5,1,4098,258,589145718,141750,150625,169375,0,0,52454400,0,0,0,143764.2064421669,3,r3-160x40-q5-a1-cells
always,160,40,1,2,4096,256,406384129,154250,166458,172292,4096,6291456000,26214400,4096000,0,0,99214.87524414062,3,r3-160x40-q1-a2-always
retained,160,40,1,2,4096,256,366430649,155000,165083,173166,4096,4194304000,26214400,2048000,0,0,89460.60766601562,3,r3-160x40-q1-a2-retained
cells,160,40,1,2,4096,256,597534800,144209,154542,179042,0,0,52428800,0,0,0,145882.51953125,3,r3-160x40-q1-a2-cells
always,80,20,20,1,4116,273,35985021,7875,12750,24250,8036,2082304000,313600,1024000,0,0,8742.716472303207,3,r3-80x20-q20-a1-always
retained,80,20,20,1,4116,273,22993798,4667,8042,22042,8036,1053696000,313600,512000,0,0,5586.442662779397,3,r3-80x20-q20-a1-retained
cells,80,20,20,1,4116,273,147663638,35541,38708,41792,0,0,13171200,0,0,0,35875.51943634597,3,r3-80x20-q20-a1-cells
always,40,10,20,2,4116,273,10259464,2042,3542,9542,7840,514304000,156800,256000,0,0,2492.581146744412,3,r3-40x10-q20-a2-always
retained,40,10,20,2,4116,273,4913863,750,1791,9292,7840,263424000,156800,128000,0,0,1193.8442662779398,3,r3-40x10-q20-a2-retained
cells,40,10,20,2,4116,273,34854876,8416,8708,9958,0,0,3292800,0,0,0,8468.142857142857,3,r3-40x10-q20-a2-cells
always,160,40,1,1,4096,256,283050822,94833,103250,108958,6144,7340032000,13107200,4096000,0,0,69104.20458984375,3,r3-160x40-q1-a1-always
retained,160,40,1,1,4096,256,220528692,84625,91500,94792,6144,4194304000,13107200,2048000,0,0,53840.0126953125,3,r3-160x40-q1-a1-retained
cells,160,40,1,1,4096,256,595589377,143792,152542,165375,0,0,52428800,0,0,0,145407.56274414062,3,r3-160x40-q1-a1-cells
always,40,10,2,2,4098,258,19809942,2875,9375,10083,5464,437120000,1092800,256000,0,0,4834.051244509516,3,r3-40x10-q2-a2-always
retained,40,10,2,2,4098,258,15476805,1166,9375,9500,5464,262272000,1092800,128000,0,0,3776.672767203514,3,r3-40x10-q2-a2-retained
cells,40,10,2,2,4098,258,34789515,8417,8833,10208,0,0,3278400,0,0,0,8489.388726207906,3,r3-40x10-q2-a2-cells
always,40,10,1,1,4096,256,17228282,5375,5834,6458,6144,458752000,819200,256000,0,0,4206.12353515625,3,r3-40x10-q1-a1-always
retained,40,10,1,1,4096,256,12180984,4708,5000,5667,6144,262144000,819200,128000,0,0,2973.873046875,3,r3-40x10-q1-a1-retained
cells,40,10,1,1,4096,256,34452435,8334,8584,10083,0,0,3276800,0,0,0,8411.239013671875,3,r3-40x10-q1-a1-cells
always,80,20,0,1,4096,256,98502690,23875,26167,28750,4096,1572864000,6553600,1024000,0,0,24048.50830078125,3,r3-80x20-q0-a1-always
retained,80,20,0,1,4096,256,90015928,21709,23541,26250,4096,1048576000,6553600,512000,0,0,21976.544921875,3,r3-80x20-q0-a1-retained
cells,80,20,0,1,4096,256,146701427,35500,38000,41125,0,0,13107200,0,0,0,35815.778076171875,3,r3-80x20-q0-a1-cells
always,160,40,100,2,4141,303,161380044,36500,40375,68375,8200,8438784000,524800,4096000,0,0,38971.27360540932,3,r3-160x40-q100-a2-always
retained,160,40,100,2,4141,303,88772514,19000,21208,47708,8200,4240384000,524800,2048000,0,0,21437.458101907752,3,r3-160x40-q100-a2-retained
cells,160,40,100,2,4141,303,606316722,144250,152000,161875,0,0,53004800,0,0,0,146417.94783868632,3,r3-160x40-q100-a2-cells
always,40,10,5,1,4098,258,12093552,2417,5833,5958,7513,502688000,273200,256000,0,0,2951.086383601757,3,r3-40x10-q5-a1-always
retained,40,10,5,1,4098,258,6008377,792,5000,5083,7513,262272000,273200,128000,0,0,1466.1730112249877,3,r3-40x10-q5-a1-retained
cells,40,10,5,1,4098,258,35105513,8500,8750,10166,0,0,3278400,0,0,0,8566.499023914104,3,r3-40x10-q5-a1-cells
always,80,20,1,2,4096,256,98302308,38000,40208,43792,4096,1572864000,6553600,1024000,0,0,23999.5869140625,3,r3-80x20-q1-a2-always
retained,80,20,1,2,4096,256,89833489,38083,39583,43500,4096,1048576000,6553600,512000,0,0,21932.004150390625,3,r3-80x20-q1-a2-retained
cells,80,20,1,2,4096,256,146506213,35625,38167,40875,0,0,13107200,0,0,0,35768.118408203125,3,r3-80x20-q1-a2-cells
always,160,40,2,2,4098,258,323961107,38375,167875,172459,5464,6993920000,17484800,4096000,0,0,79053.46681307955,3,r3-160x40-q2-a2-always
retained,160,40,2,2,4098,258,274808914,19375,168541,179292,5464,4196352000,17484800,2048000,0,0,67059.27623230845,3,r3-160x40-q2-a2-retained
cells,160,40,2,2,4098,258,581862842,140417,149333,155292,0,0,52454400,0,0,0,141987.02830649097,3,r3-160x40-q2-a2-cells
always,40,10,0,1,4096,256,22734368,5459,5875,6666,4096,393216000,1638400,256000,0,0,5550.3828125,3,r3-40x10-q0-a1-always
retained,40,10,0,1,4096,256,20458743,4958,5125,5875,4096,262144000,1638400,128000,0,0,4994.810302734375,3,r3-40x10-q0-a1-retained
cells,40,10,0,1,4096,256,35103589,8500,9125,10250,0,0,3276800,0,0,0,8570.212158203125,3,r3-40x10-q0-a1-cells
always,80,20,5,1,4098,258,43022059,7875,23292,24000,7513,2010752000,1092800,1024000,0,0,10498.30624694973,3,r3-80x20-q5-a1-always
retained,80,20,5,1,4098,258,31035401,4708,21667,22375,7513,1049088000,1092800,512000,0,0,7573.30429477794,3,r3-80x20-q5-a1-retained
cells,80,20,5,1,4098,258,144461045,34833,37667,41083,0,0,13113600,0,0,0,35251.597120546605,3,r3-80x20-q5-a1-cells
always,80,20,1,1,4096,256,64479731,22750,23792,26334,6144,1835008000,3276800,1024000,0,0,15742.121826171875,3,r3-80x20-q1-a1-always
retained,80,20,1,1,4096,256,54163875,21209,21875,24458,6144,1048576000,3276800,512000,0,0,13223.602294921875,3,r3-80x20-q1-a1-retained
cells,80,20,1,1,4096,256,146356550,35459,37583,40833,0,0,13107200,0,0,0,35731.57958984375,3,r3-80x20-q1-a1-cells
always,80,20,5,2,4098,258,55298546,8167,40000,41500,6830,1923328000,2185600,1024000,0,0,13494.032698877501,3,r3-80x20-q5-a2-always
retained,80,20,5,2,4098,258,43199521,4708,39500,41541,6830,1049088000,2185600,512000,0,0,10541.610785749146,3,r3-80x20-q5-a2-retained
cells,80,20,5,2,4098,258,146148146,35458,38500,41084,0,0,13113600,0,0,0,35663.285993167396,3,r3-80x20-q5-a2-cells
always,160,40,20,2,4116,273,182105735,36583,44417,201833,7840,8228864000,2508800,4096000,0,0,44243.37585034013,3,r3-160x40-q20-a2-always
retained,160,40,20,2,4116,273,104516827,18250,25417,163458,7840,4214784000,2508800,2048000,0,0,25392.815111758988,3,r3-160x40-q20-a2-retained
cells,160,40,20,2,4116,273,738149638,142833,157250,1043125,0,0,52684800,0,0,0,179336.64674441205,3,r3-160x40-q20-a2-cells
always,80,20,100,2,4141,303,34368481,7834,8458,38542,8200,2109696000,131200,1024000,0,0,8299.560734122193,3,r3-80x20-q100-a2-always
retained,80,20,100,2,4141,303,21007802,4667,4917,12375,8200,1060096000,131200,512000,0,0,5073.122917169766,3,r3-80x20-q100-a2-retained
cells,80,20,100,2,4141,303,147863259,35417,38584,41417,0,0,13251200,0,0,0,35707.13813088626,3,r3-80x20-q100-a2-cells
always,40,10,2,1,4098,258,15264737,2917,5667,5833,6830,480832000,546400,256000,0,0,3724.9236212786727,3,r3-40x10-q2-a1-always
retained,40,10,2,1,4098,258,9288593,917,5083,5333,6830,262272000,546400,128000,0,0,2266.6161542215714,3,r3-40x10-q2-a1-retained
cells,40,10,2,1,4098,258,34043293,8250,8542,9875,0,0,3278400,0,0,0,8307.294533918985,3,r3-40x10-q2-a1-cells
always,80,20,2,1,4098,258,54953551,8125,24125,27375,6830,1923328000,2185600,1024000,0,0,13409.846510492924,3,r3-80x20-q2-a1-always
retained,80,20,2,1,4098,258,42593950,4750,21833,24000,6830,1049088000,2185600,512000,0,0,10393.838457784284,3,r3-80x20-q2-a1-retained
cells,80,20,2,1,4098,258,143718355,34667,37209,40250,0,0,13113600,0,0,0,35070.364812103464,3,r3-80x20-q2-a1-cells
always,160,40,2,1,4098,258,236094570,37042,99625,106000,6830,7693312000,8742400,4096000,0,0,57612.14494875549,3,r3-160x40-q2-a1-always
retained,160,40,2,1,4098,258,175667105,18333,93292,112416,6830,4196352000,8742400,2048000,0,0,42866.54587603709,3,r3-160x40-q2-a1-retained
cells,160,40,2,1,4098,258,589417031,143042,151750,162083,0,0,52454400,0,0,0,143830.41264031234,3,r3-160x40-q2-a1-cells
always,40,10,1,2,4096,256,23889221,9042,9542,10708,4096,393216000,1638400,256000,0,0,5832.329345703125,3,r3-40x10-q1-a2-always
retained,40,10,1,2,4096,256,21507140,9000,9459,10875,4096,262144000,1638400,128000,0,0,5250.7666015625,3,r3-40x10-q1-a2-retained
cells,40,10,1,2,4096,256,34824060,8458,8750,10041,0,0,3276800,0,0,0,8501.9677734375,3,r3-40x10-q1-a2-cells
always,160,40,0,2,4096,256,661555675,160583,171250,184834,0,4194304000,52428800,4096000,0,0,161512.61596679688,3,r3-160x40-q0-a2-always
retained,160,40,0,2,4096,256,658454472,159417,170000,180084,0,4194304000,52428800,2048000,0,0,160755.486328125,3,r3-160x40-q0-a2-retained
cells,160,40,0,2,4096,256,589822622,143667,152000,160250,0,0,52428800,0,0,0,143999.66357421875,3,r3-160x40-q0-a2-cells
always,160,40,20,1,4116,273,164443604,36458,46625,100500,8036,8329216000,1254400,4096000,0,0,39952.284742468415,3,r3-160x40-q20-a1-always
retained,160,40,20,1,4116,273,90261544,18208,26250,90375,8036,4214784000,1254400,2048000,0,0,21929.432458697764,3,r3-160x40-q20-a1-retained
cells,160,40,20,1,4116,273,585666780,141750,149625,156916,0,0,52684800,0,0,0,142290.27696793003,3,r3-160x40-q20-a1-cells
always,160,40,5,2,4098,258,238055829,36584,162959,170209,6830,7693312000,8742400,4096000,0,0,58090.73426061493,3,r3-160x40-q5-a2-always
retained,160,40,5,2,4098,258,172506304,18250,160375,166875,6830,4196352000,8742400,2048000,0,0,42095.242557345045,3,r3-160x40-q5-a2-retained
cells,160,40,5,2,4098,258,590060329,143084,151208,159375,0,0,52454400,0,0,0,143987.39116642263,3,r3-160x40-q5-a2-cells
always,80,20,0,2,4096,256,162263000,39041,42750,46125,0,1048576000,13107200,1024000,0,0,39614.990234375,3,r3-80x20-q0-a2-always
retained,80,20,0,2,4096,256,162430194,39292,42167,45416,0,1048576000,13107200,512000,0,0,39655.80908203125,3,r3-80x20-q0-a2-retained
cells,80,20,0,2,4096,256,151134323,35709,38667,41500,0,0,13107200,0,0,0,36898.028076171875,3,r3-80x20-q0-a2-cells
always,160,40,0,1,4096,256,400501376,96750,103875,109333,4096,6291456000,26214400,4096000,0,0,97778.65625,3,r3-160x40-q0-a1-always
retained,160,40,0,1,4096,256,366219384,89084,94458,99458,4096,4194304000,26214400,2048000,0,0,89409.029296875,3,r3-160x40-q0-a1-retained
cells,160,40,0,1,4096,256,586702056,143250,149917,155834,0,0,52428800,0,0,0,143237.806640625,3,r3-160x40-q0-a1-cells
always,40,10,0,2,4096,256,38398422,9333,9542,11041,0,262144000,3276800,256000,0,0,9374.61474609375,3,r3-40x10-q0-a2-always
retained,40,10,0,2,4096,256,38692263,9375,9667,11208,0,262144000,3276800,128000,0,0,9446.353271484375,3,r3-40x10-q0-a2-retained
cells,40,10,0,2,4096,256,36974410,8875,10291,10709,0,0,3276800,0,0,0,9026.95556640625,3,r3-40x10-q0-a2-cells
always,40,10,100,1,4141,303,9200761,2125,2583,5916,8241,528736000,16400,256000,0,0,2221.8693552282057,3,r3-40x10-q100-a1-always
retained,40,10,100,1,4141,303,3096748,667,792,1500,8241,265024000,16400,128000,0,0,747.8261289543589,3,r3-40x10-q100-a1-retained
cells,40,10,100,1,4141,303,35090021,8375,8792,10000,0,0,3312800,0,0,0,8473.803670610963,3,r3-40x10-q100-a1-cells
always,40,10,100,2,4141,303,8337528,1917,2250,3917,8200,527424000,32800,256000,0,0,2013.4093214199468,3,r3-40x10-q100-a2-always
retained,40,10,100,2,4141,303,3513737,709,959,2875,8200,265024000,32800,128000,0,0,848.523786524994,3,r3-40x10-q100-a2-retained
cells,40,10,100,2,4141,303,35523872,8583,9000,10291,0,0,3312800,0,0,0,8578.57329147549,3,r3-40x10-q100-a2-cells
always,80,20,20,2,4116,273,38477683,7833,9500,39000,7840,2057216000,627200,1024000,0,0,9348.319484936832,3,r3-80x20-q20-a2-always
retained,80,20,20,2,4116,273,26329206,4667,6708,39750,7840,1053696000,627200,512000,0,0,6396.794460641399,3,r3-80x20-q20-a2-retained
cells,80,20,20,2,4116,273,146877161,35417,38125,41500,0,0,13171200,0,0,0,35684.441448007776,3,r3-80x20-q20-a2-cells
always,80,20,2,2,4098,258,76826371,8333,40208,44916,5464,1748480000,4371200,1024000,0,0,18747.284285017082,3,r3-80x20-q2-a2-always
retained,80,20,2,2,4098,258,66355382,4750,39333,41917,5464,1049088000,4371200,512000,0,0,16192.138116154221,3,r3-80x20-q2-a2-retained
cells,80,20,2,2,4098,258,144747653,34875,38083,41291,0,0,13113600,0,0,0,35321.535627135185,3,r3-80x20-q2-a2-cells
always,40,10,20,1,4116,273,9468613,2000,3792,6000,8036,520576000,78400,256000,0,0,2300.440476190476,3,r3-40x10-q20-a1-always
retained,40,10,20,1,4116,273,3969298,750,1750,5167,8036,263424000,78400,128000,0,0,964.3581146744413,3,r3-40x10-q20-a1-retained
cells,40,10,20,1,4116,273,34834967,8375,8833,9959,0,0,3292800,0,0,0,8463.305879494656,3,r3-40x10-q20-a1-cells
always,160,40,100,1,4141,303,155945761,36500,40542,84042,8241,8459776000,262400,4096000,0,0,37658.961844964986,3,r3-160x40-q100-a1-always
retained,160,40,100,1,4141,303,79342180,18250,20000,31917,8241,4240384000,262400,2048000,0,0,19160.1497222893,3,r3-160x40-q100-a1-retained
cells,160,40,100,1,4141,303,591813056,142833,150166,157000,0,0,53004800,0,0,0,142915.49287611688,3,r3-160x40-q100-a1-cells
always,40,10,5,2,4098,258,15286524,2583,9500,9917,6830,480832000,546400,256000,0,0,3730.2401171303077,3,r3-40x10-q5-a2-always
retained,40,10,5,2,4098,258,9217084,875,9208,9375,6830,262272000,546400,128000,0,0,2249.1664226451926,3,r3-40x10-q5-a2-retained
cells,40,10,5,2,4098,258,34685964,8416,8667,9958,0,0,3278400,0,0,0,8464.120058565153,3,r3-40x10-q5-a2-cells
retained,40,10,100,1,4141,303,3038384,667,833,5000,8241,265024000,16400,128000,0,0,733.7319488046365,4,r4-40x10-q100-a1-retained
cells,40,10,100,1,4141,303,34956138,8416,8625,9834,0,0,3312800,0,0,0,8441.472591161555,4,r4-40x10-q100-a1-cells
always,40,10,100,1,4141,303,8429087,1959,2250,4458,8241,528736000,16400,256000,0,0,2035.5196812364163,4,r4-40x10-q100-a1-always
retained,40,10,2,1,4098,258,9269277,917,5084,5666,6830,262272000,546400,128000,0,0,2261.902635431918,4,r4-40x10-q2-a1-retained
cells,40,10,2,1,4098,258,34874448,8458,8750,9958,0,0,3278400,0,0,0,8510.114202049781,4,r4-40x10-q2-a1-cells
always,40,10,2,1,4098,258,15260822,2875,5708,5959,6830,480832000,546400,256000,0,0,3723.9682772083943,4,r4-40x10-q2-a1-always
retained,80,20,5,1,4098,258,30841879,4708,21542,21875,7513,1049088000,1092800,512000,0,0,7526.080771107858,4,r4-80x20-q5-a1-retained
cells,80,20,5,1,4098,258,143781015,34750,36750,39750,0,0,13113600,0,0,0,35085.6551976574,4,r4-80x20-q5-a1-cells
always,80,20,5,1,4098,258,43478413,7917,23709,24875,7513,2010752000,1092800,1024000,0,0,10609.666422645192,4,r4-80x20-q5-a1-always
retained,80,20,0,1,4096,256,89310336,21708,22208,24917,4096,1048576000,6553600,512000,0,0,21804.28125,4,r4-80x20-q0-a1-retained
cells,80,20,0,1,4096,256,145940424,35542,37625,40500,0,0,13107200,0,0,0,35629.986328125,4,r4-80x20-q0-a1-cells
always,80,20,0,1,4096,256,96370502,23292,24625,27833,4096,1572864000,6553600,1024000,0,0,23527.95458984375,4,r4-80x20-q0-a1-always
retained,160,40,1,1,4096,256,221058131,85208,92667,98375,6144,4194304000,13107200,2048000,0,0,53969.270263671875,4,r4-160x40-q1-a1-retained
cells,160,40,1,1,4096,256,592288878,143000,152000,164250,0,0,52428800,0,0,0,144601.77685546875,4,r4-160x40-q1-a1-cells
always,160,40,1,1,4096,256,277939373,94542,102042,107125,6144,7340032000,13107200,4096000,0,0,67856.29223632812,4,r4-160x40-q1-a1-always
retained,40,10,1,1,4096,256,12294178,4792,5084,5792,6144,262144000,819200,128000,0,0,3001.50830078125,4,r4-40x10-q1-a1-retained
cells,40,10,1,1,4096,256,34780090,8458,8666,9584,0,0,3276800,0,0,0,8491.23291015625,4,r4-40x10-q1-a1-cells
always,40,10,1,1,4096,256,16741119,5334,5708,5875,6144,458752000,819200,256000,0,0,4087.187255859375,4,r4-40x10-q1-a1-always
retained,160,40,0,2,4096,256,658329600,159666,169542,180916,0,4194304000,52428800,2048000,0,0,160725.0,4,r4-160x40-q0-a2-retained
cells,160,40,0,2,4096,256,590889793,143958,151875,159166,0,0,52428800,0,0,0,144260.20336914062,4,r4-160x40-q0-a2-cells
always,160,40,0,2,4096,256,666150246,161458,171625,182500,0,4194304000,52428800,4096000,0,0,162634.33740234375,4,r4-160x40-q0-a2-always
retained,80,20,100,2,4141,303,20974356,4667,4834,13458,8200,1060096000,131200,512000,0,0,5065.046124124608,4,r4-80x20-q100-a2-retained
cells,80,20,100,2,4141,303,146168593,34792,37917,41292,0,0,13251200,0,0,0,35297.89736778556,4,r4-80x20-q100-a2-cells
always,80,20,100,2,4141,303,34168320,7834,8458,20916,8200,2109696000,131200,1024000,0,0,8251.22434194639,4,r4-80x20-q100-a2-always
retained,80,20,20,2,4116,273,26066712,4667,6625,39083,7840,1053696000,627200,512000,0,0,6333.0204081632655,4,r4-80x20-q20-a2-retained
cells,80,20,20,2,4116,273,144527543,34666,37541,39959,0,0,13171200,0,0,0,35113.591593780366,4,r4-80x20-q20-a2-cells
always,80,20,20,2,4116,273,38976996,7875,12750,39833,7840,2057216000,627200,1024000,0,0,9469.62973760933,4,r4-80x20-q20-a2-always
retained,160,40,1,2,4096,256,366504754,154416,165625,173917,4096,4194304000,26214400,2048000,0,0,89478.69970703125,4,r4-160x40-q1-a2-retained
cells,160,40,1,2,4096,256,593387693,144125,152875,160959,0,0,52428800,0,0,0,144870.04223632812,4,r4-160x40-q1-a2-cells
always,160,40,1,2,4096,256,416263361,153875,169959,217875,4096,6291456000,26214400,4096000,0,0,101626.79711914062,4,r4-160x40-q1-a2-always
retained,40,10,5,1,4098,258,6432169,833,5333,5834,7513,262272000,273200,128000,0,0,1569.5873596876525,4,r4-40x10-q5-a1-retained
cells,40,10,5,1,4098,258,41798746,8625,21917,42083,0,0,3278400,0,0,0,10199.791605661298,4,r4-40x10-q5-a1-cells
always,40,10,5,1,4098,258,12961236,2542,6125,6625,7513,502688000,273200,256000,0,0,3162.8199121522694,4,r4-40x10-q5-a1-always
retained,80,20,1,2,4096,256,139452637,39292,112500,187000,4096,1048576000,6553600,512000,0,0,34046.053955078125,4,r4-80x20-q1-a2-retained
cells,80,20,1,2,4096,256,171096020,36166,86333,140084,0,0,13107200,0,0,0,41771.4892578125,4,r4-80x20-q1-a2-cells
always,80,20,1,2,4096,256,98583115,37958,41042,44000,4096,1572864000,6553600,1024000,0,0,24068.143310546875,4,r4-80x20-q1-a2-always
retained,80,20,2,1,4098,258,43378740,4792,22292,25042,6830,1049088000,2185600,512000,0,0,10585.344070278185,4,r4-80x20-q2-a1-retained
cells,80,20,2,1,4098,258,157133016,36541,39916,84666,0,0,13113600,0,0,0,38343.830161054175,4,r4-80x20-q2-a1-cells
always,80,20,2,1,4098,258,55067202,8166,24209,26625,6830,1923328000,2185600,1024000,0,0,13437.579795021962,4,r4-80x20-q2-a1-always
retained,80,20,100,1,4141,303,19599990,4417,5041,22083,8241,1060096000,65600,512000,0,0,4733.153827577879,4,r4-80x20-q100-a1-retained
cells,80,20,100,1,4141,303,150872511,36084,39667,41917,0,0,13251200,0,0,0,36433.83506399421,4,r4-80x20-q100-a1-cells
always,80,20,100,1,4141,303,33599553,7875,8792,23583,8241,2114944000,65600,1024000,0,0,8113.874184979473,4,r4-80x20-q100-a1-always
retained,160,40,0,1,4096,256,387205441,88500,98958,233875,4096,4194304000,26214400,2048000,0,0,94532.57836914062,4,r4-160x40-q0-a1-retained
cells,160,40,0,1,4096,256,665297886,149125,196375,497292,0,0,52428800,0,0,0,162426.24169921875,4,r4-160x40-q0-a1-cells
always,160,40,0,1,4096,256,417484124,100667,107959,134875,4096,6291456000,26214400,4096000,0,0,101924.8349609375,4,r4-160x40-q0-a1-always
retained,40,10,1,2,4096,256,21727118,8959,9625,10917,4096,262144000,1638400,128000,0,0,5304.47216796875,4,r4-40x10-q1-a2-retained
cells,40,10,1,2,4096,256,37210869,8833,10334,11083,0,0,3276800,0,0,0,9084.684814453125,4,r4-40x10-q1-a2-cells
always,40,10,1,2,4096,256,24243250,8917,9750,11125,4096,393216000,1638400,256000,0,0,5918.76220703125,4,r4-40x10-q1-a2-always
retained,40,10,2,2,4098,258,15949381,1167,9625,10834,5464,262272000,1092800,128000,0,0,3891.991459248414,4,r4-40x10-q2-a2-retained
cells,40,10,2,2,4098,258,35581387,8625,8875,10208,0,0,3278400,0,0,0,8682.622498779892,4,r4-40x10-q2-a2-cells
always,40,10,2,2,4098,258,19947483,2916,9416,10875,5464,437120000,1092800,256000,0,0,4867.61420204978,4,r4-40x10-q2-a2-always
retained,80,20,5,2,4098,258,43437834,4709,39500,42167,6830,1049088000,2185600,512000,0,0,10599.764275256222,4,r4-80x20-q5-a2-retained
cells,80,20,5,2,4098,258,146958240,35625,38583,41042,0,0,13113600,0,0,0,35860.96632503661,4,r4-80x20-q5-a2-cells
always,80,20,5,2,4098,258,54604812,8042,39458,42542,6830,1923328000,2185600,1024000,0,0,13324.746705710102,4,r4-80x20-q5-a2-always
retained,160,40,5,2,4098,258,172959776,18292,161250,167458,6830,4196352000,8742400,2048000,0,0,42205.89946315276,4,r4-160x40-q5-a2-retained
cells,160,40,5,2,4098,258,594091513,144084,153166,160958,0,0,52454400,0,0,0,144971.08662762324,4,r4-160x40-q5-a2-cells
always,160,40,5,2,4098,258,238981535,36625,162958,176000,6830,7693312000,8742400,4096000,0,0,58316.626403123475,4,r4-160x40-q5-a2-always
retained,80,20,20,1,4116,273,21207998,3959,17542,22792,8036,1053696000,313600,512000,0,0,5152.574829931973,4,r4-80x20-q20-a1-retained
cells,80,20,20,1,4116,273,145990760,35250,38417,41209,0,0,13171200,0,0,0,35469.08649173955,4,r4-80x20-q20-a1-cells
always,80,20,20,1,4116,273,35885932,7834,12959,23542,8036,2082304000,313600,1024000,0,0,8718.642371234208,4,r4-80x20-q20-a1-always
retained,40,10,0,2,4096,256,38867784,9375,10000,11375,0,262144000,3276800,128000,0,0,9489.205078125,4,r4-40x10-q0-a2-retained
cells,40,10,0,2,4096,256,35215734,8541,8834,10166,0,0,3276800,0,0,0,8597.59130859375,4,r4-40x10-q0-a2-cells
always,40,10,0,2,4096,256,38626850,9375,9584,11042,0,262144000,3276800,256000,0,0,9430.38330078125,4,r4-40x10-q0-a2-always
retained,80,20,1,1,4096,256,55249734,21166,22709,25958,6144,1048576000,3276800,512000,0,0,13488.70458984375,4,r4-80x20-q1-a1-retained
cells,80,20,1,1,4096,256,145458012,34958,37917,40792,0,0,13107200,0,0,0,35512.2099609375,4,r4-80x20-q1-a1-cells
always,80,20,1,1,4096,256,66269874,23000,24792,27709,6144,1835008000,3276800,1024000,0,0,16179.16845703125,4,r4-80x20-q1-a1-always
retained,40,10,100,2,4141,303,3268148,667,917,3875,8200,265024000,32800,128000,0,0,789.2170973194881,4,r4-40x10-q100-a2-retained
cells,40,10,100,2,4141,303,35546943,8500,9209,10334,0,0,3312800,0,0,0,8584.14465105047,4,r4-40x10-q100-a2-cells
always,40,10,100,2,4141,303,8928282,2042,2458,6625,8200,527424000,32800,256000,0,0,2156.0690654431296,4,r4-40x10-q100-a2-always
retained,40,10,0,1,4096,256,20584533,4958,5208,6000,4096,262144000,1638400,128000,0,0,5025.520751953125,4,r4-40x10-q0-a1-retained
cells,40,10,0,1,4096,256,35484916,8625,9000,10416,0,0,3276800,0,0,0,8663.3095703125,4,r4-40x10-q0-a1-cells
always,40,10,0,1,4096,256,22596273,5459,5667,6541,4096,393216000,1638400,256000,0,0,5516.668212890625,4,r4-40x10-q0-a1-always
retained,40,10,20,1,4116,273,3932019,750,1666,5125,8036,263424000,78400,128000,0,0,955.3010204081633,4,r4-40x10-q20-a1-retained
cells,40,10,20,1,4116,273,35143863,8500,8708,10083,0,0,3292800,0,0,0,8538.353498542274,4,r4-40x10-q20-a1-cells
always,40,10,20,1,4116,273,9875462,2125,3334,6000,8036,520576000,78400,256000,0,0,2399.2862001943636,4,r4-40x10-q20-a1-always
retained,40,10,20,2,4116,273,4801125,750,1417,9250,7840,263424000,156800,128000,0,0,1166.454081632653,4,r4-40x10-q20-a2-retained
cells,40,10,20,2,4116,273,35469959,8542,8792,10167,0,0,3292800,0,0,0,8617.579931972788,4,r4-40x10-q20-a2-cells
always,40,10,20,2,4116,273,10368966,2083,4333,9625,7840,514304000,156800,256000,0,0,2519.185131195335,4,r4-40x10-q20-a2-always
retained,80,20,2,2,4098,258,67941578,4750,40250,44625,5464,1049088000,4371200,512000,0,0,16579.20400195217,4,r4-80x20-q2-a2-retained
cells,80,20,2,2,4098,258,148306202,35792,38708,42167,0,0,13113600,0,0,0,36189.89799902392,4,r4-80x20-q2-a2-cells
always,80,20,2,2,4098,258,77680408,8458,40750,42917,5464,1748480000,4371200,1024000,0,0,18955.68765251342,4,r4-80x20-q2-a2-always
retained,160,40,2,2,4098,258,276433707,19250,168125,176084,5464,4196352000,17484800,2048000,0,0,67455.76061493412,4,r4-160x40-q2-a2-retained
cells,160,40,2,2,4098,258,598161387,144792,153084,160958,0,0,52454400,0,0,0,145964.2232796486,4,r4-160x40-q2-a2-cells
always,160,40,2,2,4098,258,322328526,37084,164625,173583,5464,6993920000,17484800,4096000,0,0,78655.08199121522,4,r4-160x40-q2-a2-always
retained,40,10,5,2,4098,258,9390460,917,9375,9541,6830,262272000,546400,128000,0,0,2291.473889702294,4,r4-40x10-q5-a2-retained
cells,40,10,5,2,4098,258,35396326,8542,9375,10416,0,0,3278400,0,0,0,8637.46364080039,4,r4-40x10-q5-a2-cells
always,40,10,5,2,4098,258,15003665,2500,9417,10042,6830,480832000,546400,256000,0,0,3661.2164470473404,4,r4-40x10-q5-a2-always
retained,80,20,0,2,4096,256,162606081,39125,43041,46250,0,1048576000,13107200,512000,0,0,39698.750244140625,4,r4-80x20-q0-a2-retained
cells,80,20,0,2,4096,256,147452708,35792,38333,41083,0,0,13107200,0,0,0,35999.1962890625,4,r4-80x20-q0-a2-cells
always,80,20,0,2,4096,256,164705611,39792,43917,46875,0,1048576000,13107200,1024000,0,0,40211.330810546875,4,r4-80x20-q0-a2-always
retained,160,40,5,1,4098,258,124683389,18292,89375,94833,7513,4196352000,4371200,2048000,0,0,30425.424353343093,4,r4-160x40-q5-a1-retained
cells,160,40,5,1,4098,258,583750715,141125,149792,157500,0,0,52454400,0,0,0,142447.70985846754,4,r4-160x40-q5-a1-cells
always,160,40,5,1,4098,258,194722926,36583,99375,104959,7513,8043008000,4371200,4096000,0,0,47516.57540263543,4,r4-160x40-q5-a1-always
retained,160,40,20,2,4116,273,104230834,18209,25333,163041,7840,4214784000,2508800,2048000,0,0,25323.331875607386,4,r4-160x40-q20-a2-retained
cells,160,40,20,2,4116,273,595391871,143416,153334,161250,0,0,52684800,0,0,0,144653.0298833819,4,r4-160x40-q20-a2-cells
always,160,40,20,2,4116,273,178598710,36583,45875,166000,7840,8228864000,2508800,4096000,0,0,43391.32896015549,4,r4-160x40-q20-a2-always
retained,160,40,20,1,4116,273,90302151,18208,25292,89750,8036,4214784000,1254400,2048000,0,0,21939.29810495627,4,r4-160x40-q20-a1-retained
cells,160,40,20,1,4116,273,591932845,143459,151000,159042,0,0,52684800,0,0,0,143812.64455782314,4,r4-160x40-q20-a1-cells
always,160,40,20,1,4116,273,165065058,36500,47625,101083,8036,8329216000,1254400,4096000,0,0,40103.26967930029,4,r4-160x40-q20-a1-always
retained,160,40,100,1,4141,303,79166869,18208,20292,68250,8241,4240384000,262400,2048000,0,0,19117.814296063752,4,r4-160x40-q100-a1-retained
cells,160,40,100,1,4141,303,599575134,143375,151584,161666,0,0,53004800,0,0,0,144789.93817918378,4,r4-160x40-q100-a1-cells
always,160,40,100,1,4141,303,155844807,36500,40625,68166,8241,8459776000,262400,4096000,0,0,37634.58270949046,4,r4-160x40-q100-a1-always
retained,160,40,2,1,4098,258,174467356,18625,92542,98834,6830,4196352000,8742400,2048000,0,0,42573.78135675939,4,r4-160x40-q2-a1-retained
cells,160,40,2,1,4098,258,585064991,142417,149958,157416,0,0,52454400,0,0,0,142768.4214250854,4,r4-160x40-q2-a1-cells
always,160,40,2,1,4098,258,236195853,37125,101709,105916,6830,7693312000,8742400,4096000,0,0,57636.86017569546,4,r4-160x40-q2-a1-always
retained,160,40,100,2,4141,303,82729870,18167,20542,36792,8200,4240384000,524800,2048000,0,0,19978.234725911614,4,r4-160x40-q100-a2-retained
cells,160,40,100,2,4141,303,592536269,141792,150666,158500,0,0,53004800,0,0,0,143090.1398212992,4,r4-160x40-q100-a2-cells
always,160,40,100,2,4141,303,160280383,36500,40166,65042,8200,8438784000,524800,4096000,0,0,38705.71914996378,4,r4-160x40-q100-a2-always
retained,40,10,0,1,4096,256,20600918,4958,5208,6000,4096,262144000,1638400,128000,0,0,5029.52099609375,5,r5-40x10-q0-a1-retained
always,40,10,0,1,4096,256,22489433,5458,5625,6458,4096,393216000,1638400,256000,0,0,5490.584228515625,5,r5-40x10-q0-a1-always
cells,40,10,0,1,4096,256,36276054,8791,9167,10459,0,0,3276800,0,0,0,8856.45849609375,5,r5-40x10-q0-a1-cells
retained,160,40,100,2,4141,303,86619072,18291,21417,63625,8200,4240384000,524800,2048000,0,0,20917.42864042502,5,r5-160x40-q100-a2-retained
always,160,40,100,2,4141,303,164701534,36500,40625,86708,8200,8438784000,524800,4096000,0,0,39773.372132335186,5,r5-160x40-q100-a2-always
cells,160,40,100,2,4141,303,594068034,142916,151375,158791,0,0,53004800,0,0,0,143460.04201883604,5,r5-160x40-q100-a2-cells
retained,40,10,5,2,4098,258,9853090,959,9583,10000,6830,262272000,546400,128000,0,0,2404.3655441678866,5,r5-40x10-q5-a2-retained
always,40,10,5,2,4098,258,15107319,2542,9459,10542,6830,480832000,546400,256000,0,0,3686.510248901903,5,r5-40x10-q5-a2-always
cells,40,10,5,2,4098,258,34676427,8416,8667,9958,0,0,3278400,0,0,0,8461.792825768667,5,r5-40x10-q5-a2-cells
retained,40,10,100,2,4141,303,3232880,667,875,3041,8200,265024000,32800,128000,0,0,780.7003139338324,5,r5-40x10-q100-a2-retained
always,40,10,100,2,4141,303,8604954,1959,2333,6625,8200,527424000,32800,256000,0,0,2077.989374547211,5,r5-40x10-q100-a2-always
cells,40,10,100,2,4141,303,35679015,8500,9334,10542,0,0,3312800,0,0,0,8616.03839652258,5,r5-40x10-q100-a2-cells
retained,80,20,0,1,4096,256,91082904,22000,24208,26583,4096,1048576000,6553600,512000,0,0,22237.037109375,5,r5-80x20-q0-a1-retained
always,80,20,0,1,4096,256,98365014,23833,26250,28500,4096,1572864000,6553600,1024000,0,0,24014.89599609375,5,r5-80x20-q0-a1-always
cells,80,20,0,1,4096,256,146592976,35417,39000,41750,0,0,13107200,0,0,0,35789.30078125,5,r5-80x20-q0-a1-cells
retained,80,20,0,2,4096,256,164195984,39958,43041,45875,0,1048576000,13107200,512000,0,0,40086.91015625,5,r5-80x20-q0-a2-retained
always,80,20,0,2,4096,256,162839004,39250,42917,45917,0,1048576000,13107200,1024000,0,0,39755.6162109375,5,r5-80x20-q0-a2-always
cells,80,20,0,2,4096,256,144024542,34666,38208,41375,0,0,13107200,0,0,0,35162.24169921875,5,r5-80x20-q0-a2-cells
retained,160,40,5,2,4098,258,172759531,18291,161333,169250,6830,4196352000,8742400,2048000,0,0,42157.03538311371,5,r5-160x40-q5-a2-retained
always,160,40,5,2,4098,258,236078292,36541,162041,170208,6830,7693312000,8742400,4096000,0,0,57608.17276720351,5,r5-160x40-q5-a2-always
cells,160,40,5,2,4098,258,589100069,143416,151500,159375,0,0,52454400,0,0,0,143753.06710590533,5,r5-160x40-q5-a2-cells
retained,40,10,1,2,4096,256,21578828,9000,9458,10916,4096,262144000,1638400,128000,0,0,5268.2685546875,5,r5-40x10-q1-a2-retained
always,40,10,1,2,4096,256,23561119,8916,9375,10666,4096,393216000,1638400,256000,0,0,5752.226318359375,5,r5-40x10-q1-a2-always
cells,40,10,1,2,4096,256,35603016,8625,9334,10541,0,0,3276800,0,0,0,8692.142578125,5,r5-40x10-q1-a2-cells
retained,80,20,5,2,4098,258,43179199,4709,39042,42667,6830,1049088000,2185600,512000,0,0,10536.651781356759,5,r5-80x20-q5-a2-retained
always,80,20,5,2,4098,258,53878864,8041,38667,41000,6830,1923328000,2185600,1024000,0,0,13147.599804782822,5,r5-80x20-q5-a2-always
cells,80,20,5,2,4098,258,146737298,35625,38291,41166,0,0,13113600,0,0,0,35807.05173255246,5,r5-80x20-q5-a2-cells
retained,40,10,2,1,4098,258,9225023,917,5042,5125,6830,262272000,546400,128000,0,0,2251.103709126403,5,r5-40x10-q2-a1-retained
always,40,10,2,1,4098,258,15706898,3000,5833,6666,6830,480832000,546400,256000,0,0,3832.820400195217,5,r5-40x10-q2-a1-always
cells,40,10,2,1,4098,258,35462321,8584,8834,10209,0,0,3278400,0,0,0,8653.567837969742,5,r5-40x10-q2-a1-cells
retained,160,40,1,1,4096,256,220397049,85416,92625,98750,6144,4194304000,13107200,2048000,0,0,53807.873291015625,5,r5-160x40-q1-a1-retained
always,160,40,1,1,4096,256,275730344,94292,101292,106417,6144,7340032000,13107200,4096000,0,0,67316.978515625,5,r5-160x40-q1-a1-always
cells,160,40,1,1,4096,256,594192506,143959,153584,163667,0,0,52428800,0,0,0,145066.52978515625,5,r5-160x40-q1-a1-cells
retained,40,10,1,1,4096,256,12286760,4792,5084,5916,6144,262144000,819200,128000,0,0,2999.697265625,5,r5-40x10-q1-a1-retained
always,40,10,1,1,4096,256,16989672,5333,5916,6792,6144,458752000,819200,256000,0,0,4147.869140625,5,r5-40x10-q1-a1-always
cells,40,10,1,1,4096,256,34677229,8416,8708,10083,0,0,3276800,0,0,0,8466.120361328125,5,r5-40x10-q1-a1-cells
retained,40,10,5,1,4098,258,6119635,792,5042,5167,7513,262272000,273200,128000,0,0,1493.3223523670083,5,r5-40x10-q5-a1-retained
always,40,10,5,1,4098,258,12358799,2458,5834,6708,7513,502688000,273200,256000,0,0,3015.812347486579,5,r5-40x10-q5-a1-always
cells,40,10,5,1,4098,258,35269803,8500,9292,10375,0,0,3278400,0,0,0,8606.589311859443,5,r5-40x10-q5-a1-cells
retained,40,10,0,2,4096,256,38755725,9334,10041,11250,0,262144000,3276800,128000,0,0,9461.846923828125,5,r5-40x10-q0-a2-retained
always,40,10,0,2,4096,256,38342040,9250,9791,11042,0,262144000,3276800,256000,0,0,9360.849609375,5,r5-40x10-q0-a2-always
cells,40,10,0,2,4096,256,34722201,8417,8833,10125,0,0,3276800,0,0,0,8477.099853515625,5,r5-40x10-q0-a2-cells
retained,40,10,100,1,4141,303,3167685,708,792,3667,8241,265024000,16400,128000,0,0,764.9565322385897,5,r5-40x10-q100-a1-retained
always,40,10,100,1,4141,303,8217169,1917,2250,5750,8241,528736000,16400,256000,0,0,1984.3441197778313,5,r5-40x10-q100-a1-always
cells,40,10,100,1,4141,303,35513962,8500,9166,10291,0,0,3312800,0,0,0,8576.18014972229,5,r5-40x10-q100-a1-cells
retained,80,20,20,1,4116,273,23328863,4750,7667,22625,8036,1053696000,313600,512000,0,0,5667.848153547133,5,r5-80x20-q20-a1-retained
always,80,20,20,1,4116,273,36213747,7916,13125,24167,8036,2082304000,313600,1024000,0,0,8798.286443148689,5,r5-80x20-q20-a1-always
cells,80,20,20,1,4116,273,145632750,34875,38458,41208,0,0,13171200,0,0,0,35382.106413994166,5,r5-80x20-q20-a1-cells
retained,80,20,20,2,4116,273,26215661,4667,8375,39167,7840,1053696000,627200,512000,0,0,6369.208211856171,5,r5-80x20-q20-a2-retained
always,80,20,20,2,4116,273,39511394,8000,13125,40042,7840,2057216000,627200,1024000,0,0,9599.46404275996,5,r5-80x20-q20-a2-always
cells,80,20,20,2,4116,273,143502886,34583,37333,40292,0,0,13171200,0,0,0,34864.64674441205,5,r5-80x20-q20-a2-cells
retained,40,10,2,2,4098,258,16066562,1167,9584,11042,5464,262272000,1092800,128000,0,0,3920.586139580283,5,r5-40x10-q2-a2-retained
always,40,10,2,2,4098,258,19759626,2875,9416,9834,5464,437120000,1092800,256000,0,0,4821.7730600292825,5,r5-40x10-q2-a2-always
cells,40,10,2,2,4098,258,34287105,8291,8834,10042,0,0,3278400,0,0,0,8366.78989751098,5,r5-40x10-q2-a2-cells
retained,160,40,20,1,4116,273,88507775,17750,25667,89291,8036,4214784000,1254400,2048000,0,0,21503.346695821187,5,r5-160x40-q20-a1-retained
always,160,40,20,1,4116,273,165000458,36500,46209,101542,8036,8329216000,1254400,4096000,0,0,40087.574829931975,5,r5-160x40-q20-a1-always
cells,160,40,20,1,4116,273,586401326,142208,149958,157333,0,0,52684800,0,0,0,142468.7380952381,5,r5-160x40-q20-a1-cells
retained,80,20,1,2,4096,256,89764451,38083,39542,43291,4096,1048576000,6553600,512000,0,0,21915.149169921875,5,r5-80x20-q1-a2-retained
always,80,20,1,2,4096,256,97767559,38042,40458,44042,4096,1572864000,6553600,1024000,0,0,23869.032958984375,5,r5-80x20-q1-a2-always
cells,80,20,1,2,4096,256,146226638,35583,38083,41208,0,0,13107200,0,0,0,35699.86279296875,5,r5-80x20-q1-a2-cells
retained,80,20,100,1,4141,303,20397357,4667,5209,17417,8241,1060096000,65600,512000,0,0,4925.7080415358605,5,r5-80x20-q100-a1-retained
always,80,20,100,1,4141,303,33548569,7834,8958,16292,8241,2114944000,65600,1024000,0,0,8101.562183047573,5,r5-80x20-q100-a1-always
cells,80,20,100,1,4141,303,146420330,35291,37667,40750,0,0,13251200,0,0,0,35358.68872253079,5,r5-80x20-q100-a1-cells
retained,160,40,1,2,4096,256,371887459,154292,167042,173333,4096,4194304000,26214400,2048000,0,0,90792.83666992188,5,r5-160x40-q1-a2-retained
always,160,40,1,2,4096,256,405651591,153583,166167,174292,4096,6291456000,26214400,4096000,0,0,99036.03295898438,5,r5-160x40-q1-a2-always
cells,160,40,1,2,4096,256,590046930,143583,151375,159292,0,0,52428800,0,0,0,144054.42626953125,5,r5-160x40-q1-a2-cells
retained,80,20,1,1,4096,256,54618634,21125,22292,25750,6144,1048576000,3276800,512000,0,0,13334.62744140625,5,r5-80x20-q1-a1-retained
always,80,20,1,1,4096,256,65255721,22667,24000,27709,6144,1835008000,3276800,1024000,0,0,15931.572509765625,5,r5-80x20-q1-a1-always
cells,80,20,1,1,4096,256,146582489,35666,37583,40583,0,0,13107200,0,0,0,35786.740478515625,5,r5-80x20-q1-a1-cells
retained,80,20,2,2,4098,258,67386899,4750,40209,43916,5464,1049088000,4371200,512000,0,0,16443.850414836506,5,r5-80x20-q2-a2-retained
always,80,20,2,2,4098,258,76458038,8333,40208,42625,5464,1748480000,4371200,1024000,0,0,18657.403123474865,5,r5-80x20-q2-a2-always
cells,80,20,2,2,4098,258,146748746,35583,37625,40458,0,0,13113600,0,0,0,35809.84529038555,5,r5-80x20-q2-a2-cells
retained,160,40,5,1,4098,258,125249399,18333,89625,94750,7513,4196352000,4371200,2048000,0,0,30563.542947779406,5,r5-160x40-q5-a1-retained
always,160,40,5,1,4098,258,191361608,36375,96334,101208,7513,8043008000,4371200,4096000,0,0,46696.34163006345,5,r5-160x40-q5-a1-always
cells,160,40,5,1,4098,258,586770846,143000,150208,155583,0,0,52454400,0,0,0,143184.68667642752,5,r5-160x40-q5-a1-cells
retained,160,40,0,2,4096,256,657935320,160375,167625,174083,0,4194304000,52428800,2048000,0,0,160628.740234375,5,r5-160x40-q0-a2-retained
always,160,40,0,2,4096,256,663355069,160958,168583,176250,0,4194304000,52428800,4096000,0,0,161951.92114257812,5,r5-160x40-q0-a2-always
cells,160,40,0,2,4096,256,587695109,143458,150208,157667,0,0,52428800,0,0,0,143480.25122070312,5,r5-160x40-q0-a2-cells
retained,80,20,100,2,4141,303,21031614,4667,4959,21208,8200,1060096000,131200,512000,0,0,5078.87321902922,5,r5-80x20-q100-a2-retained
always,80,20,100,2,4141,303,33918299,7792,8333,18584,8200,2109696000,131200,1024000,0,0,8190.847379859937,5,r5-80x20-q100-a2-always
cells,80,20,100,2,4141,303,143857746,34459,37125,39625,0,0,13251200,0,0,0,34739.85655638735,5,r5-80x20-q100-a2-cells
retained,80,20,2,1,4098,258,42976420,4750,22167,23750,6830,1049088000,2185600,512000,0,0,10487.16935090288,5,r5-80x20-q2-a1-retained
always,80,20,2,1,4098,258,54557910,8083,23833,26625,6830,1923328000,2185600,1024000,0,0,13313.301610541728,5,r5-80x20-q2-a1-always
cells,80,20,2,1,4098,258,143504040,34625,36583,39500,0,0,13113600,0,0,0,35018.067349926794,5,r5-80x20-q2-a1-cells
retained,160,40,2,2,4098,258,269499038,18541,163125,169500,5464,4196352000,17484800,2048000,0,0,65763.55246461689,5,r5-160x40-q2-a2-retained
always,160,40,2,2,4098,258,320875438,37250,164667,171375,5464,6993920000,17484800,4096000,0,0,78300.49731576379,5,r5-160x40-q2-a2-always
cells,160,40,2,2,4098,258,592044957,143583,150833,157375,0,0,52454400,0,0,0,144471.6830161054,5,r5-160x40-q2-a2-cells
retained,160,40,100,1,4141,303,81510604,18458,21333,36041,8241,4240384000,262400,2048000,0,0,19683.797150446753,5,r5-160x40-q100-a1-retained
always,160,40,100,1,4141,303,155965234,36458,40291,67542,8241,8459776000,262400,4096000,0,0,37663.664332286884,5,r5-160x40-q100-a1-always
cells,160,40,100,1,4141,303,589306371,142125,149000,156333,0,0,53004800,0,0,0,142310.1596232794,5,r5-160x40-q100-a1-cells
retained,160,40,20,2,4116,273,103804872,18250,24458,162167,7840,4214784000,2508800,2048000,0,0,25219.842565597668,5,r5-160x40-q20-a2-retained
always,160,40,20,2,4116,273,174324105,36375,42334,157709,7840,8228864000,2508800,4096000,0,0,42352.79518950437,5,r5-160x40-q20-a2-always
cells,160,40,20,2,4116,273,593158184,143000,151458,162333,0,0,52684800,0,0,0,144110.3459669582,5,r5-160x40-q20-a2-cells
retained,160,40,2,1,4098,258,170279317,18250,88333,94167,6830,4196352000,8742400,2048000,0,0,41551.80990727184,5,r5-160x40-q2-a1-retained
always,160,40,2,1,4098,258,235213839,36625,99875,104917,6830,7693312000,8742400,4096000,0,0,57397.22767203514,5,r5-160x40-q2-a1-always
cells,160,40,2,1,4098,258,598475618,144917,152250,162625,0,0,52454400,0,0,0,146040.90239141043,5,r5-160x40-q2-a1-cells
retained,40,10,20,1,4116,273,4036027,750,3083,5209,8036,263424000,78400,128000,0,0,980.5702137998056,5,r5-40x10-q20-a1-retained
always,40,10,20,1,4116,273,10106926,2208,4459,6166,8036,520576000,78400,256000,0,0,2455.521379980564,5,r5-40x10-q20-a1-always
cells,40,10,20,1,4116,273,35608498,8625,8917,9917,0,0,3292800,0,0,0,8651.238581146745,5,r5-40x10-q20-a1-cells
retained,40,10,20,2,4116,273,5058410,750,3084,9666,7840,263424000,156800,128000,0,0,1228.9625850340135,5,r5-40x10-q20-a2-retained
always,40,10,20,2,4116,273,10639991,2166,3167,9875,7840,514304000,156800,256000,0,0,2585.0318270165208,5,r5-40x10-q20-a2-always
cells,40,10,20,2,4116,273,36075160,8708,9041,10916,0,0,3292800,0,0,0,8764.616132167153,5,r5-40x10-q20-a2-cells
retained,160,40,0,1,4096,256,363680346,88250,94375,99542,4096,4194304000,26214400,2048000,0,0,88789.14697265625,5,r5-160x40-q0-a1-retained
always,160,40,0,1,4096,256,400662505,97458,103125,108167,4096,6291456000,26214400,4096000,0,0,97817.99438476562,5,r5-160x40-q0-a1-always
cells,160,40,0,1,4096,256,588504553,142708,149792,158292,0,0,52428800,0,0,0,143677.86938476562,5,r5-160x40-q0-a1-cells
retained,80,20,5,1,4098,258,30988881,4708,21542,23458,7513,1049088000,1092800,512000,0,0,7561.952415812591,5,r5-80x20-q5-a1-retained
always,80,20,5,1,4098,258,43025160,7875,23333,24417,7513,2010752000,1092800,1024000,0,0,10499.062957540264,5,r5-80x20-q5-a1-always
cells,80,20,5,1,4098,258,143976414,34833,37042,40125,0,0,13113600,0,0,0,35133.33674963397,5,r5-80x20-q5-a1-cells
